o_activity,o_tract_fips,d_activity,d_tract_fips,departure_time_minutes,reported_travel_time,travel_mode,travelers_hh,travelers_nonhh,vehicle_occupancy,park_loc,park_pay,hov_used,toll_road_used,distance,year,vehicle,tolltransponder,home_tract_fips,home_type,home_ownership,hhsize,numstudents,numdrivers,numworkers,numdisabilities,numvehicle,numvehicle_transponder,numbicycle,hh_income_detailed,tdate_week,tdate_dow,age,gender,race_ethnicity,race_ethnicity_hispanic,license,disability,smartphone,employment_status,jobs_count,work_tract_fips,student_status,volunteer_status,weight
1,24005411303,2,24510270902,335,28,4,1,0,1,2,-1,-1,-1,10.359,2015.0,"(Toyota, Corolla, 1.0, 1.0)",2.0,24005411303,1,1,2,0,2,2,0,2,1,0,6,108,2,69,1,1,2,1,2,1,0,1,24510270902,0,1,114.024101330938
10,24043011600,1,24043011600,920,15,4,1,0,1,1,-1,-1,-1,2.725,2008.0,"(Nissan, Altima, 1.0, 1.0)",2.0,24043011600,1,1,2,0,2,1,0,4,0,2,7,99,4,56,1,1,2,1,2,1,1,0,-1,0,1,104.014572329425
7,24033801409,2,11001000300,520,295,4,1,0,1,2,-1,-1,-1,11.700267393,1997.0,"(Ford, Escort, 1.0, 1.0)",2.0,24033801409,1,1,2,0,2,2,0,2,0,0,7,59,2,59,2,4,2,1,2,2,0,1,11001000300,0,1,127.0
1,51153901234,11,51153901234,715,5,4,1,0,1,4,-1,-1,-1,0.5701638769,2013.0,"(Toyota, RAV4, 3.0, 1.0)",2.0,51153901234,1,1,1,0,1,0,0,1,0,0,5,50,1,73,1,4,2,1,2,2,1,0,-1,0,1,131.0
2,24033801907,1,24017850905,870,55,4,1,0,1,1,-1,-1,-1,20.313961872,2005.0,"(Acura, TL, 1.0, 1.0)",2.0,24017850905,2,2,1,1,1,1,0,1,0,0,5,64,4,37,1,2,2,1,2,1,0,1,24033801907,1,2,138.0
1,51107611805,5,51059490103,690,15,4,2,0,2,-1,-1,-1,-1,3.530754486,-1,"(-1, -1, -1, -1)",-1,51107611805,1,1,2,0,2,0,0,2,2,1,5,67,5,69,1,4,2,1,2,1,1,0,-1,0,2,139.0
1,51013103402,2,11001007200,390,30,4,1,0,1,2,1,-1,-1,4.018581744,2012.0,"(Ford, Focus, 1.0, 1.0)",1.0,51013103402,3,2,3,0,3,3,0,3,3,1,7,90,1,22,1,4,2,1,2,1,0,1,11001007200,0,1,59.0
5,24043010400,1,24043000301,510,10,4,1,0,1,2,-1,-1,-1,1.528,2007.0,"(Toyota, Prius, 1.0, 4.0)",2.0,24043000301,1,1,2,0,2,1,0,3,0,0,5,80,3,68,2,1,2,1,2,1,0,1,24043010300,0,1,149.4577680479
1,24009860600,2,24009860701,480,25,4,1,0,1,2,-1,-1,-1,12.794931812,2007.0,"(Toyota, Camry, 1.0, 1.0)",1.0,24009860600,1,1,1,0,1,1,0,1,1,0,6,78,1,48,1,4,2,1,2,1,0,1,24009860701,0,1,156.0
16,24021750200,1,24021750801,960,15,4,1,0,1,1,-1,-1,-1,1.5885167594,1997.0,"(Ford, Escort, 1.0, 1.0)",2.0,24021750801,1,1,2,0,2,1,0,2,0,0,6,42,2,64,1,4,2,1,2,2,1,0,-1,0,2,132.0
2,24025306500,1,24025301702,1050,15,4,1,0,1,1,-1,-1,-1,5.8,1996.0,"(Honda, Accord, 1.0, 1.0)",2.0,24025301702,1,2,2,0,2,2,0,2,1,0,7,96,1,30,2,1,2,1,2,1,0,1,24025306500,0,1,85.1777713182122
1,24005403602,7,24027602304,1225,27,4,2,0,2,2,-1,-1,-1,19.117,2017.0,"(Nissan, Pathfinder Armada, 3.0, 1.0)",1.0,24005403602,3,2,2,0,1,2,0,1,1,0,6,72,4,47,2,3,2,1,2,1,0,1,24510271700,0,1,125.233611082551
5,24031703800,1,24031701503,1020,15,4,3,0,3,1,-1,-1,-1,5.2706733129,2015.0,"(Jeep, Cherokee, 3.0, 1.0)",1.0,24031701503,1,1,4,2,2,2,0,2,2,2,7,56,3,40,1,4,2,1,2,1,0,1,11001010700,0,2,562.0
1,24025306300,5,24025306100,1020,10,4,1,0,1,2,-1,-1,-1,3.31,2013.0,"(Subaru, Legacy/Outback, 1.0, 1.0)",1.0,24025306300,2,1,3,0,3,1,0,3,1,0,5,81,2,68,1,1,2,1,2,1,1,0,-1,0,1,302.651017951618
16,24005402407,2,24005402603,465,22,4,1,0,1,2,-1,-1,-1,12.027,2015.0,"(Lincoln, MKX, 3.0, 1.0)",2.0,24005401200,1,1,5,3,2,2,0,2,0,0,6,77,1,31,1,2,2,1,2,1,0,1,24005402603,0,1,240.80971913102
10,24031700826,1,24031700500,815,25,4,1,0,1,2,-1,-1,-1,12.140382795,1998.0,"(Toyota, Camry, 1.0, 1.0)",2.0,24031700500,2,2,2,0,2,2,0,2,1,0,4,44,2,31,2,4,2,1,2,1,0,1,-1,0,1,189.0
1,24021750802,2,24031702800,660,60,4,1,0,1,1,-1,-1,-1,45.330999358,-1,"(-1, -1, -1, -1)",-1,24021750802,2,1,1,0,1,1,0,2,1,0,5,45,4,53,2,4,2,1,2,1,0,1,24031700604,0,1,161.0
5,24013505203,2,24013505203,465,5,4,1,0,1,1,-1,-1,-1,1.314,2012.0,"(Honda, Odyssey, 2.0, 1.0)",1.0,24013505203,1,1,5,3,2,2,0,2,1,2,8,91,4,33,2,1,2,1,2,1,0,1,-1,0,1,341.719518191509
16,24027606604,16,24027606604,1068,11,4,1,1,2,1,-1,-1,-1,0.034,2014.0,"(Subaru, Legacy/Outback, 1.0, 1.0)",1.0,24005401507,3,2,1,0,1,1,0,1,1,1,4,118,2,47,2,1,2,1,2,1,0,2,-1,0,1,284.577205286773
5,24003740800,5,24003740201,885,10,4,1,1,2,2,-1,-1,-1,7.248,2013.0,"(Honda, Accord, 1.0, 1.0)",1.0,24003751400,1,1,2,0,2,0,0,2,2,1,7,41,4,64,1,1,2,1,2,1,1,0,-1,0,2,202.252036406353
6,24031701408,1,24003740102,1295,20,4,1,0,1,1,-1,-1,-1,16.89,-1,"(-1, -1, -1, -1)",-1,24003740102,4,1,1,0,1,1,0,1,0,0,6,101,5,44,1,1,2,1,2,1,0,2,24003730100,0,1,51.382581693507
6,24021750702,1,24021750702,1005,10,4,1,0,1,2,-1,-1,-1,0.6058075997,2011.0,"(Chevrolet, Aveo, 1.0, 1.0)",2.0,24021750702,3,2,2,2,1,1,0,1,0,0,3,66,2,29,1,2,2,1,2,1,0,1,24021750701,1,1,59.0
1,51510200405,9,51510200202,360,15,4,1,0,1,2,-1,-1,-1,1.6922892013,2012.0,"(Acura, RDX, 3.0, 1.0)",2.0,51510200405,3,1,1,0,1,1,0,1,0,0,5,77,2,64,1,2,2,1,2,1,0,1,51510200801,0,1,106.0
2,24510999999,12,51510200703,590,190,4,1,0,1,3,1,-1,-1,52.026265435,2009.0,"(BMW, 3 series, 1.0, 1.0)",2.0,51510200404,2,1,1,0,1,1,0,1,0,0,7,59,4,63,1,2,2,1,2,1,0,1,11001010200,0,2,61.0
1,24021750505,2,51069999999,360,90,4,1,0,1,2,-1,-1,-1,52.5752219,2017.0,"(BMW, M2, 1.0, 1.0)",1.0,24021750505,3,2,1,0,1,1,0,2,2,0,4,64,4,64,2,4,2,1,2,1,0,1,51069999999,0,1,174.0
11,24033800606,1,24033800519,1230,30,4,1,0,1,1,-1,-1,-1,9.701183703,2007.0,"(Infiniti, FX35, 3.0, 1.0)",1.0,24033800519,1,1,1,0,1,1,0,1,1,0,6,47,2,70,2,2,2,1,2,1,0,1,-1,0,2,51.0
1,24003730203,15,24003740102,1100,20,4,1,0,1,2,-1,-1,-1,9.176,2014.0,"(Nissan, Altima, 1.0, 1.0)",2.0,24003730203,1,1,1,0,1,0,0,1,0,0,6,124,1,64,1,1,2,1,2,2,1,0,-1,0,1,13.0315683004776
11,24510200701,1,24510200701,1050,5,4,1,0,1,3,-1,-1,-1,0.112,2013.0,"(Chevrolet, Malibu, 1.0, 1.0)",1.0,24510200701,1,1,1,0,1,1,0,1,1,0,1,95,3,69,1,2,2,1,2,2,0,1,-1,0,1,358.642088069603
10,24031705000,2,24031704804,625,20,4,1,0,1,2,1,-1,-1,1.8574959909,2011.0,"(Lexus, RX 450h, 3.0, 4.0)",2.0,51059420502,2,1,2,0,2,2,0,3,0,1,8,63,4,36,1,4,2,1,2,1,0,2,24031704804,0,1,63.0
8,24033800507,1,24033800515,1000,5,4,1,0,1,2,-1,-1,-1,1.1767394565,2011.0,"(Kia, Soul, 3.0, 1.0)",1.0,24033800515,3,1,1,0,1,1,0,1,1,1,4,65,4,61,2,4,2,1,2,1,0,1,24033803516,0,2,51.0
10,24017851001,1,24017851400,660,30,4,1,0,1,1,-1,-1,-1,13.910619795,2004.0,"(Ford, Ranger, 4.0, 1.0)",1.0,24017851400,1,1,2,0,2,0,0,2,2,0,5,74,5,72,2,4,2,1,2,2,1,0,-1,0,1,125.0
8,24027606706,2,24027606707,450,10,4,1,0,1,2,-1,-1,-1,2.445,2015.0,"(Mazda, CX7, 3.0, 1.0)",1.0,24003740500,3,1,2,0,2,2,0,2,2,0,7,73,5,62,2,1,2,1,2,1,0,1,-1,0,2,35.9523858444907
6,24009860102,1,24009860600,550,10,4,1,0,1,1,-1,-1,-1,5.7900117794,2007.0,"(Toyota, Tacoma, 4.0, 1.0)",1.0,24009860600,1,1,3,1,2,1,0,2,2,1,8,43,2,65,2,4,2,1,2,1,1,0,-1,0,2,212.0
7,51059431600,1,51059452101,1200,30,4,3,0,3,2,-1,-1,-1,4.4781086668,2007.0,"(Toyota, Sienna, 2.0, 1.0)",2.0,51059452101,2,1,6,2,2,1,0,2,1,2,7,50,3,41,1,3,2,1,2,1,2,0,-1,0,2,612.0
16,24005420900,1,24005421300,982,8,5,3,0,3,-1,-1,-1,-1,1.461,2015.0,"(Honda, CR-V, 3.0, 1.0)",2.0,24005421300,1,1,3,3,1,1,2,1,0,0,5,118,4,10,1,6,1,-1,1,-1,-1,0,-1,1,1,40.5942946983524
16,24003980000,1,51059422102,270,60,4,1,0,1,1,-1,-1,-1,55.666066349,2008.0,"(Chrysler, Aspen, 3.0, 6.0)",2.0,51059422102,1,2,3,2,1,0,0,1,0,4,1,57,5,58,1,2,2,1,2,1,4,0,-1,0,1,280.0
5,24033800213,13,24031701221,1005,35,4,1,0,1,2,-1,-1,-1,23.295453522,2016.0,"(Nissan, Juke, 3.0, 1.0)",2.0,24031700723,3,2,1,1,1,1,0,1,0,1,5,47,4,34,1,3,2,1,2,1,0,1,-1,1,2,57.0
2,51107611700,1,51059452400,1090,30,4,1,0,1,1,-1,-1,1,21.713219294,2009.0,"(Chevrolet, Avalanche, 4.0, 1.0)",1.0,51059452400,1,1,2,0,2,2,0,4,3,0,8,57,3,51,2,4,2,1,2,1,0,1,51107611700,0,1,138.0
5,24033800413,5,24033800413,865,5,4,1,0,1,2,-1,-1,-1,0.2858794938,2006.0,"(Toyota, FJ Cruiser, 3.0, 1.0)",1.0,24033800411,1,1,2,1,2,2,0,3,2,0,7,63,2,59,2,4,2,1,2,1,0,1,24033803608,1,1,136.0
1,24031701216,14,42000303501,555,155,4,1,1,2,4,-1,-1,1,120.00899741,2015.0,"(Infiniti, Q50, 1.0, 1.0)",1.0,24031701216,2,1,1,0,1,0,0,1,1,0,6,42,4,65,1,4,2,1,2,1,1,0,-1,0,2,74.0
10,51153901507,1,51153901510,1095,15,4,1,0,1,1,-1,-1,-1,2.0771213907,2004.0,"(Chevrolet, Corvette, 1.0, 1.0)",2.0,51153901510,1,1,4,1,3,3,1,4,2,1,8,64,3,59,2,4,2,1,2,1,0,2,-1,0,2,327.0
16,24013514202,2,24005402303,430,35,4,1,0,1,2,-1,-1,-1,13.825,2016.0,"(Volkswagen, Golf/Cabriolet/Cabrio/GTI/GLI, 1.0, 1.0)",2.0,24013504202,1,1,4,2,2,2,0,3,1,3,8,105,4,33,2,1,2,1,2,1,0,1,24005402303,0,1,46.7201994122159
2,51013103402,1,24033801707,1005,15,4,1,0,1,1,-1,-1,-1,5.2191278425,2015.0,"(Honda, Civic, 1.0, 1.0)",2.0,24033801707,1,1,5,0,5,4,1,5,1,0,7,60,5,48,1,2,2,1,2,1,0,1,51013103402,0,1,323.0
2,51107980100,1,51107611206,940,20,4,1,0,1,1,-1,-1,-1,9.1978989157,2015.0,"(Acura, TLX, 1.0, 1.0)",2.0,51107611206,1,1,3,1,2,1,0,2,0,2,7,49,4,51,2,3,2,1,2,1,0,2,51107980100,0,1,204.0
13,24031700833,1,24031700706,530,10,4,2,0,2,-1,-1,-1,-1,1.8910623391,2011.0,"(Honda, Civic, 1.0, 4.0)",1.0,24031700706,1,1,2,0,2,2,0,2,1,0,8,52,5,61,2,4,2,1,2,1,0,1,-1,0,2,56.0
16,24025301301,1,24025301602,758,22,5,3,0,3,-1,-1,-1,-1,4.045,2005.0,"(Mercury, Mariner, 3.0, 1.0)",2.0,24025301602,1,1,3,0,2,0,2,2,0,2,3,89,3,33,1,1,2,2,1,2,7,0,-1,0,1,46.9672632381394
7,24017850802,5,24033801003,855,15,4,2,0,2,-1,-1,-1,-1,3.7545848627,2017.0,"(Chevrolet, Equinox, 3.0, 1.0)",1.0,24017850902,1,1,2,0,2,0,1,2,2,2,7,58,5,77,2,4,2,1,1,1,1,0,-1,0,1,126.0
2,11001010700,5,51059422402,1020,60,4,1,0,1,2,-1,-1,1,12.88872739,-1,"(-1, -1, -1, -1)",-1,51059451900,2,1,1,0,1,1,0,1,1,1,6,95,3,67,1,4,2,1,2,1,0,1,11001010700,0,1,129.0
13,51013102600,1,51013102500,385,5,4,1,0,1,1,-1,-1,-1,0.3282873018,2014.0,"(Ford, Fusion, 1.0, 4.0)",1.0,51013102500,1,1,3,1,2,2,0,2,2,3,8,97,3,31,2,4,2,1,2,1,0,1,-1,0,1,55.0
1,24025302802,10,24025302802,555,30,4,1,0,1,2,-1,-1,-1,1.487,2016.0,"(Chevrolet, Colorado, 4.0, 1.0)",1.0,24025302802,1,1,3,0,3,1,0,3,3,1,6,102,1,77,2,1,2,1,2,1,1,0,-1,0,1,91.1995644024522
16,24510070400,7,24510120700,1015,7,5,2,1,3,-1,-1,-1,-1,2.356,2005.0,"(Toyota, Camry, 1.0, 1.0)",1.0,24510130804,2,2,2,0,2,2,0,1,1,1,6,111,1,31,1,3,2,1,2,1,0,1,24510040200,0,1,241.639040387012
1,24033800520,5,24033800516,870,15,4,2,0,2,2,-1,-1,-1,0.659036163,2016.0,"(Nissan, Altima, 1.0, 1.0)",1.0,24033800520,2,1,3,0,3,0,0,1,1,2,1,41,2,46,2,2,2,1,2,2,1,0,-1,0,1,101.0
8,51059440100,2,51600300300,695,10,4,1,0,1,2,-1,-1,-1,2.0922833585,2015.0,"(Subaru, Impreza, 1.0, 1.0)",2.0,51013102500,3,2,2,0,2,2,0,2,0,1,7,80,1,31,2,4,2,1,2,1,0,2,51059452801,0,1,51.0
1,51107610101,2,51107611900,405,40,4,1,0,1,2,-1,-1,1,25.87648929,2016.0,"(Lincoln, MKX, 3.0, 1.0)",2.0,51107610101,1,1,3,0,3,3,0,5,1,2,7,56,4,52,2,4,2,1,2,1,0,1,51107611900,0,1,184.0
2,51059430203,1,51600300300,990,20,4,1,0,1,1,-1,-1,-1,3.4684907965,2014.0,"(Dodge, Charger, 1.0, 1.0)",1.0,51600300300,1,1,3,1,3,2,0,4,2,2,8,55,3,55,1,4,2,1,2,1,0,1,51059430203,0,1,108.0
16,24003751103,5,24003750804,932,6,4,1,1,2,2,-1,-1,-1,2.19,2018.0,"(Chevrolet, Trax, 3.0, 1.0)",2.0,24003751102,3,1,1,0,1,0,0,1,0,1,5,121,2,75,1,1,2,1,2,1,1,0,-1,0,1,126.936325097249
1,24031700724,5,24031700816,1165,10,4,3,0,3,2,-1,-1,-1,0.5517382393,2016.0,"(Toyota, Corolla, 1.0, 1.0)",1.0,24031700724,3,2,3,0,1,1,0,1,1,0,6,72,4,33,2,3,2,1,2,1,0,1,11001001002,0,1,134.0
2,11001010800,2,51013101500,790,15,4,1,1,2,2,-1,-1,-1,4.239817775,2009.0,"(Honda, Odyssey, 2.0, 1.0)",1.0,24031705901,1,1,1,0,1,1,0,1,1,2,8,94,3,62,1,4,2,1,2,1,0,1,11001010800,0,1,235.0
1,24013505203,6,24013505203,1046,11,4,2,0,2,2,-1,-1,-1,1.166,2014.0,"(Cadillac , SRX, 3.0, 1.0)",2.0,24013505203,1,1,3,2,2,1,0,1,0,2,7,72,5,47,1,1,2,1,2,1,0,1,24003751200,0,1,38.6903736323851
1,51059470600,18,51059470500,600,5,4,1,0,1,2,-1,-1,-1,0.303987801,2017.0,"(Toyota, Highlander, 3.0, 1.0)",1.0,51059470600,1,1,3,0,3,0,0,3,3,1,8,53,5,68,2,4,2,1,2,1,1,0,-1,0,2,145.0
7,51177020306,5,51177020306,1250,5,4,2,0,2,2,-1,-1,-1,0.5509593578,2018.0,"(Hyundai, Elantra, 1.0, 1.0)",2.0,51177020310,1,2,2,0,2,2,0,3,0,0,6,76,5,30,2,4,2,1,2,1,0,1,51099040100,0,1,181.0
10,24003740701,1,24003740702,900,10,5,2,0,2,-1,-1,-1,-1,2.871,2017.0,"(Jaguar, XK-E, 1.0, 1.0)",1.0,24003740702,1,1,2,0,2,1,1,2,2,0,8,70,5,73,1,1,2,1,1,1,1,0,-1,0,1,34.7624234948834
1,51153901236,2,51153900100,1110,20,4,1,0,1,2,-1,-1,-1,7.1698154748,2012.0,"(Mitsubishi, Outlander, 3.0, 1.0)",2.0,51153901236,1,1,3,1,3,3,0,4,1,3,8,80,1,19,1,1,1,1,2,1,0,1,51153901225,1,2,237.0
1,24027603001,9,24027605602,540,30,4,1,0,1,2,-1,-1,-1,15.339,2012.0,"(Ford, F-Series pickup, 4.0, 1.0)",2.0,24027603001,1,1,2,0,2,2,0,3,0,3,6,96,2,66,2,1,2,1,2,1,0,1,-1,0,1,99.9725389734308
16,51059460800,7,51059471100,1371,9,4,1,0,1,2,-1,-1,-1,3.683,2014.0,"(Subaru, Legacy/Outback, 1.0, 1.0)",1.0,24005401507,3,2,1,0,1,1,0,1,1,1,4,118,2,47,2,1,2,1,2,1,0,2,-1,0,1,284.577205286773
6,24003740304,11,24003740900,815,10,4,1,0,1,1,-1,-1,-1,1.136,2018.0,"(Hyundai, Tucson, 3.0, 1.0)",1.0,24003741000,1,1,2,0,2,2,0,2,1,2,7,122,1,30,2,1,2,1,2,1,0,1,-1,0,1,81.1300410146626
5,24033806713,1,24033806706,1125,10,4,2,0,2,1,-1,-1,-1,0.9457960215,2015.0,"(Chevrolet, Cruze, 1.0, 1.0)",1.0,24033806706,3,1,2,0,2,2,0,2,2,0,8,61,4,37,2,4,2,1,2,2,0,1,24027606707,0,1,182.0
18,51013103402,7,51510201801,575,5,4,1,0,1,2,-1,-1,-1,1.3852230389,2005.0,"(Chevrolet, Cobalt, 1.0, 1.0)",1.0,51013103503,3,1,1,0,1,0,1,1,1,0,7,75,5,85,2,4,2,1,1,2,1,0,-1,0,1,32.0
7,24029950300,1,24029950300,1165,3,5,2,0,2,-1,-1,-1,-1,2.777,2016.0,"(Chevrolet, Silverado, 4.0, 1.0)",1.0,24029950300,1,1,2,0,2,2,0,6,3,2,8,95,1,65,1,1,2,1,2,1,0,1,36103134906,0,1,192.619573432845
1,24037876200,8,24037875901,480,10,4,1,0,1,2,-1,-1,-1,3.476265073,2002.0,"(Ford, Taurus, 1.0, 1.0)",2.0,24037876200,3,2,3,0,2,1,1,1,0,0,3,49,5,50,2,2,2,1,1,2,7,0,-1,0,1,318.0
5,24031701421,6,24033807000,1170,15,4,1,0,1,2,-1,-1,-1,4.8561018996,2011.0,"(Toyota, Prius, 1.0, 4.0)",2.0,24033807305,1,1,2,0,1,2,1,1,0,0,6,78,4,51,1,2,2,1,2,1,0,1,24033807200,0,1,122.0
3,24013506102,3,24013508101,650,5,4,2,0,2,2,-1,-1,-1,1.66,2011.0,"(Honda, Pilot, 3.0, 1.0)",2.0,24013506101,1,1,2,0,2,0,0,1,0,0,6,93,1,75,2,1,2,1,2,1,1,0,-1,0,2,13.2954308682899
2,24031701007,10,24031701211,945,10,4,1,0,1,2,-1,-1,-1,1.7178262572,1999.0,"(BMW, 5 series, 1.0, 1.0)",1.0,24031701314,1,1,2,0,2,2,0,3,2,0,7,66,3,69,2,4,2,1,2,1,0,1,24031701007,0,2,64.0
5,51600300400,1,51059430101,575,10,4,2,0,2,1,-1,-1,-1,4.2131124218,2015.0,"(Hyundai, Sonata, 1.0, 1.0)",1.0,51059430101,1,1,2,0,2,1,0,2,2,1,6,48,4,64,1,4,2,1,2,1,1,0,-1,0,2,184.0
1,24003740500,2,24033800507,355,20,4,1,0,1,2,-1,-1,-1,20.13,2016.0,"(Hyundai, Sonata, 1.0, 1.0)",1.0,24003740500,2,1,2,1,1,1,0,1,1,1,5,78,4,49,1,1,2,1,2,1,0,2,24033800507,0,2,21.799689544355
5,24043000900,5,24043000900,705,5,5,2,0,2,-1,-1,-1,-1,0.131,2009.0,"(Mazda, CX-7, 3.0, 1.0)",2.0,24043001001,1,1,2,0,2,0,0,1,0,0,5,99,4,66,2,1,2,1,2,1,1,0,-1,0,1,104.014572329425
9,51059481202,1,51107611207,1095,30,4,2,0,2,1,-1,-1,-1,8.6985457561,2013.0,"(Honda, CR-V, 3.0, 1.0)",1.0,51107611207,1,1,4,2,2,1,0,2,1,1,8,52,2,45,1,4,2,1,2,1,2,0,-1,0,2,225.0
16,24031701214,5,24033806713,545,40,4,3,0,3,2,-1,-1,-1,13.522460941,2014.0,"(Honda, CR-V, 3.0, 1.0)",1.0,24031704000,1,1,4,2,2,2,0,1,1,0,8,52,2,37,1,4,2,1,2,1,0,1,11001005900,0,1,256.0
5,24005430400,7,24005430700,1068,12,4,1,0,1,3,-1,-1,-1,2.33,2011.0,"(Lincoln, MKX, 3.0, 1.0)",1.0,24005430800,1,1,1,0,1,1,0,1,1,1,7,113,3,55,2,1,2,1,2,1,0,1,24510220100,0,1,185.703225607172
7,51153901411,16,51061930100,975,25,4,2,1,3,4,-1,-1,-1,7.6230640103,2016.0,"(Toyota, Highlander, 3.0, 1.0)",2.0,51061930304,1,1,3,1,2,1,0,4,0,0,8,71,5,44,1,4,2,1,2,1,2,0,-1,0,2,136.0
1,24021750100,13,24021751701,1025,10,4,1,0,1,2,-1,-1,-1,2.8168961411,2003.0,"(Toyota, Corolla, 1.0, 1.0)",2.0,24021750100,3,2,1,0,1,1,0,1,0,0,5,71,5,42,2,4,2,1,2,1,0,1,24021766800,0,2,72.0
2,24033807102,1,24033806000,1095,15,4,1,0,1,2,-1,-1,-1,1.9716574809,2013.0,"(Honda, Civic, 1.0, 1.0)",2.0,24033806000,3,2,1,0,1,1,0,1,0,0,6,72,3,33,1,4,2,1,2,1,0,1,24033807102,0,2,65.0
2,24510170200,1,24005408601,961,54,4,1,0,1,2,-1,-1,-1,13.157,2015.0,"(Subaru, Impreza, 1.0, 1.0)",1.0,24005408601,1,1,2,0,2,1,0,2,1,0,5,117,3,65,1,1,2,1,2,1,0,1,24510170200,0,1,253.46503862502
1,24031703214,16,24031701308,1000,25,4,1,0,1,2,-1,-1,-1,3.2511800714,2004.0,"(Toyota, Sienna, 2.0, 1.0)",2.0,24031703214,1,1,6,4,2,3,0,1,0,0,7,52,3,51,1,4,2,1,2,2,2,0,-1,0,2,2554.0
2,24031700822,1,24027606904,1059,36,4,1,0,1,2,-1,-1,-1,26.225,2008.0,"(Toyota, Tacoma, 4.0, 1.0)",1.0,24027606904,2,1,3,0,2,2,0,2,2,2,8,97,4,40,2,1,2,1,2,1,0,1,-1,0,1,107.135471817096
16,51013102801,8,51059452802,485,5,4,1,0,1,4,-1,-1,-1,0.3700709492,2017.0,"(Ford, Escape, 3.0, 1.0)",1.0,51013102302,1,1,3,1,2,2,0,2,2,2,8,70,4,52,1,4,2,1,2,1,0,1,51510201900,0,2,54.0
1,54037972201,10,54037972401,630,30,4,2,0,2,3,-1,-1,-1,15.003027269,2016.0,"(Ford, Taurus, 1.0, 1.0)",1.0,54037972201,1,1,2,0,1,0,1,1,1,0,7,43,4,69,1,4,2,1,2,1,1,0,-1,0,2,103.0
1,51600300300,2,11001005800,495,60,4,1,0,1,2,1,-1,-1,18.503389132,2017.0,"(Chevrolet, Malibu, 1.0, 1.0)",1.0,51600300300,2,1,2,0,2,1,0,2,2,0,8,65,3,61,2,4,2,1,2,1,0,1,11001005800,0,1,81.0
16,51059431300,1,51059432600,670,5,4,2,0,2,-1,-1,-1,-1,0.7745635031,2009.0,"(Lexus, GS 350, 1.0, 1.0)",1.0,51059432600,1,1,2,0,2,0,0,2,2,4,7,53,2,67,2,4,2,1,2,1,1,0,-1,0,2,184.0
5,24027606706,1,24027606606,1170,5,4,1,0,1,1,-1,-1,-1,0.965,2009.0,"(Honda, Fit, 1.0, 1.0)",2.0,24027606606,2,1,3,1,1,1,0,2,0,0,7,90,2,44,2,3,2,1,2,1,0,1,24027606905,0,1,74.5605292245162
5,24027606706,1,24027606901,1131,17,5,2,0,2,-1,-1,-1,-1,4.516,2013.0,"(Chevrolet, Avalanche, 3.0, 1.0)",1.0,24027606901,2,1,2,0,2,2,0,2,1,0,8,96,3,71,1,1,2,1,2,1,0,1,24031700829,0,1,48.4638805828061
1,51510200301,2,51059482202,390,40,4,1,0,1,2,0,-1,1,19.359963565,2011.0,"(Buick, Enclave, 3.0, 1.0)",1.0,51510200301,3,2,3,1,2,2,0,2,1,0,8,49,4,53,1,4,2,1,2,1,0,1,51059482202,0,1,278.0
2,24031700706,5,24031700722,900,10,4,2,0,2,2,-1,-1,-1,1.1847372066,2013.0,"(Mazda, CX-5, 3.0, 1.0)",1.0,24031700724,1,1,4,2,2,2,0,2,1,2,7,46,3,36,1,4,2,1,2,1,0,1,24031700706,0,1,111.0
1,51061930401,16,51061930401,405,10,4,1,1,2,1,-1,-1,-1,0.6557800658,2015.0,"(Mercedes-Benz, C-Class, 1.0, 1.0)",1.0,51061930401,1,3,3,0,3,3,0,4,4,3,8,71,4,23,2,4,2,1,2,1,0,1,51061930401,0,1,137.0
5,24027606706,1,24031700604,665,45,4,1,0,1,1,-1,-1,1,33.566483133,2009.0,"(Mazda, Mazda6, 1.0, 1.0)",1.0,24031700604,1,1,2,0,2,2,0,3,3,2,8,69,5,62,2,4,2,1,2,1,0,1,-1,0,1,189.0
1,24031704100,13,24031702700,1035,15,4,1,0,1,2,-1,-1,-1,3.2185220337,2012.0,"(Audi, A5, 1.0, 1.0)",1.0,24031704100,1,1,2,0,2,1,0,2,2,0,8,43,1,65,1,4,2,1,2,1,0,1,-1,0,2,163.0
1,51107610400,16,51107610300,925,25,4,4,1,5,4,-1,-1,-1,9.2439365341,2013.0,"(Honda, Odyssey, 2.0, 1.0)",1.0,51107610400,1,1,6,3,2,1,0,2,2,3,8,69,1,40,1,4,2,1,2,1,2,0,-1,0,2,75.0
2,24045000400,16,24045010400,1050,10,4,1,1,2,2,-1,-1,-1,3.55,2017.0,"(Ford, F-Series pickup, 4.0, 1.0)",2.0,24045010800,1,1,3,1,2,2,0,2,0,1,7,70,2,55,2,1,2,1,2,1,0,1,24045000400,0,1,146.102243641769
2,24005980000,2,24005980000,885,9,4,1,0,1,1,-1,-1,-1,4.476,-1,"(-1, -1, -1, -1)",-1,24510270402,1,1,8,2,3,1,0,2,0,5,5,71,5,34,2,2,2,1,2,1,0,1,-1,0,1,457.849590584279
1,24027602201,16,24027602306,1070,10,4,2,0,2,3,-1,-1,-1,3.216,2007.0,"(Kia, Sedona, 2.0, 1.0)",2.0,24027602201,1,1,5,3,2,2,0,2,1,2,7,84,4,51,2,3,2,1,2,1,0,1,24003706500,0,1,264.945971217633
12,24009860402,18,24009860402,885,5,4,1,0,1,2,-1,-1,-1,0.1356424756,2013.0,"(Nissan, Rogue, 3.0, 1.0)",1.0,24009860401,1,1,4,2,2,2,0,3,2,2,8,55,1,34,1,4,2,1,2,1,0,1,11001007200,0,2,166.0
1,24019970100,5,10005050407,920,35,4,2,0,2,2,-1,-1,-1,14.998,2013.0,"(Chevrolet, Suburban (2004 on), 3.0, 1.0)",2.0,24019970100,1,1,2,0,2,0,0,3,0,0,6,121,1,87,2,1,2,1,2,2,1,0,-1,0,1,114.3198973411
1,24005403701,13,24005403702,455,15,4,1,0,1,2,-1,-1,-1,2.519,2017.0,"(Toyota, Sienna, 2.0, 1.0)",1.0,24005403701,3,1,2,0,2,1,0,2,2,0,5,80,5,77,2,1,2,1,2,1,2,0,-1,1,2,244.617232830511
3,51059492100,3,51059492000,590,10,4,1,0,1,2,-1,-1,-1,2.7863029104,2001.0,"(Chevrolet, Impala, 1.0, 1.0)",1.0,51059492202,1,1,2,0,2,0,0,3,3,1,7,54,4,67,1,4,2,1,2,1,1,0,-1,0,2,134.0
1,51059492300,2,51059432500,555,5,4,1,0,1,2,-1,-1,-1,1.5778499671,2002.0,"(Ford, Focus, 1.0, 1.0)",1.0,51059492300,2,1,4,1,2,2,0,2,2,0,6,58,4,38,2,1,1,1,2,1,0,1,51059422402,0,1,374.0
16,24011955302,1,24011955201,1227,13,4,3,0,3,1,-1,-1,-1,7.272,2001.0,"(Chevrolet, Silverado, 4.0, 1.0)",1.0,24011955201,1,1,5,3,3,2,0,4,2,0,7,85,5,55,2,1,2,1,2,1,0,1,24041960400,0,1,254.788284223592
2,24031705000,1,24031704404,1320,10,4,1,0,1,3,-1,-1,-1,0.9995495839,2010.0,"(Volkswagen, Passat, 1.0, 1.0)",1.0,24031704404,1,1,3,1,2,1,0,2,2,4,8,48,3,56,1,4,2,1,2,1,0,1,24031705000,0,1,309.0
1,24013514202,7,24013513001,812,46,5,3,0,3,-1,-1,-1,-1,15.235,2005.0,"(Honda, Odyssey, 2.0, 1.0)",1.0,24013514202,1,1,5,0,5,3,3,5,3,4,7,82,4,23,2,1,2,1,1,1,7,0,-1,0,1,66.6482461972407
11,24043010500,1,24043010500,920,10,4,1,0,1,1,-1,-1,-1,6.309,2009.0,"(Chrysler, Town and Country, 2.0, 1.0)",2.0,24043010500,1,1,7,3,4,3,0,5,0,3,5,119,4,47,1,1,2,1,2,2,3,0,-1,0,1,275.658117414927
2,24047950100,8,24047950400,960,15,4,1,0,1,1,-1,-1,-1,6.14,2004.0,"(GMC, Suburban/Yukon XL (2004 on), 3.0, 1.0)",1.0,24047950400,1,1,2,0,2,2,0,6,5,4,7,111,2,54,2,1,2,1,2,1,0,1,24047950100,0,1,147.441509362385
16,24031701800,4,24033807200,450,30,4,1,0,1,2,-1,-1,-1,4.7267738478,2012.0,"(Subaru, Outback, 1.0, 1.0)",1.0,24031702500,3,2,4,2,2,2,1,2,2,1,8,41,4,45,1,4,2,1,2,1,0,1,24033807200,1,1,173.0
1,11001004001,5,51013103502,845,20,4,1,0,1,2,-1,-1,-1,5.3323053282,2003.0,"(Toyota, Corolla, 1.0, 1.0)",1.0,11001004001,3,1,2,0,2,0,0,1,1,0,8,91,4,65,2,4,2,1,2,1,1,0,-1,0,1,118.0
9,51061930302,1,51061930207,780,10,4,1,0,1,1,-1,-1,-1,3.7865834582,2009.0,"(Volkswagen, Routan, 2.0, 1.0)",2.0,51061930207,1,1,3,0,3,1,0,4,2,0,8,91,4,24,2,4,2,1,2,1,4,0,-1,0,1,170.0
8,51069999999,1,51043010100,610,10,4,1,0,1,1,-1,-1,-1,3.8172463765,2014.0,"(Kia, Soul, 3.0, 1.0)",2.0,51043010100,1,1,2,0,2,0,1,5,0,0,4,61,2,72,2,4,2,1,2,1,1,0,-1,0,1,65.0
1,11001001702,2,11001003600,1020,20,4,1,0,1,3,-1,-1,-1,4.4874229452,2017.0,"(Hyundai, Elantra, 1.0, 1.0)",1.0,11001001702,3,2,2,0,2,1,0,1,1,0,6,52,5,49,2,5,-1,1,2,1,0,3,11001000801,0,2,137.0
16,51107611020,1,51107611802,1080,20,4,2,0,2,1,-1,-1,-1,8.3168760574,2011.0,"(Acura, MDX, 3.0, 1.0)",1.0,51107611802,2,2,3,1,2,2,0,2,2,0,8,60,3,32,2,3,2,1,2,1,0,1,51107611020,0,1,86.0
5,24027605505,1,24027605102,718,13,4,1,0,1,1,-1,-1,-1,4.007,2005.0,"(Buick, Century, 1.0, 1.0)",2.0,24027605102,1,1,2,0,2,1,0,2,1,1,6,80,5,72,2,1,2,1,2,2,1,0,-1,0,1,99.9725389734308
2,51059422403,1,51153901010,990,65,4,1,0,1,1,-1,-1,-1,21.368766418,2000.0,"(Toyota, Tundra, 4.0, 1.0)",2.0,51153901010,1,1,2,0,2,2,0,3,2,0,6,70,3,64,2,4,2,1,2,1,0,1,51059422403,0,2,139.0
18,51013980200,2,11001010700,360,20,4,1,0,1,2,1,-1,-1,4.5523827838,-1,"(-1, -1, -1, -1)",-1,11001005301,3,1,3,0,3,3,0,1,1,2,8,50,3,55,2,1,1,1,2,1,0,1,11001010700,0,1,195.0
5,24043000900,5,24043000601,1005,20,4,2,0,2,2,-1,-1,-1,6.442,2013.0,"(Ford, Medium/Heavy Pickup (pickup-style only - over 10,000 lbs.), 4.0, 1.0)",1.0,24043011301,1,1,2,0,2,1,0,2,2,1,6,112,5,47,2,1,2,1,2,1,0,1,24043010300,0,1,104.014572329425
