o_activity,o_tract_fips,d_activity,d_tract_fips,departure_time_hhmm,arrival_time_hhmm,travel_mode,travelers_hh,travelers_nonhh,vehicle_occupancy,park_loc,park_pay,hov_used,toll_road_used,distance,reported_travel_time,year,bodytype,make,model,fueltype,tolltransponder,home_tract_fips,home_type,home_ownership,hhsize,numstudents,numdrivers,numworkers,numdisabilities,numvehicle,numvehicle_transponder,numbicycle,hh_income_detailed,tdate_string,tdate_dow,wthhfin,age,gender,race_ethnicity,race_ethnicity_hispanic,license,disability,smartphone,employment_status,jobs_count,work_tract_fips,student_status,volunteer_status
1,51177020306,14,51177020306,09:00,09:10,4,1,0,1,2,-1,-1,-1,2.0845040116,10,2010.0,1.0,Volvo,C70,1.0,1.0,51177020306,1,1,2,0,2,1,1,2,2,0,8,2017-12-08,5,181.0,55,1,4,2,1,2,1,0,1,51059480202,0,1
16,24003740201,11,24003731204,18:50,19:15,4,2,0,2,-1,-1,-1,-1,6.11,25,2005.0,3.0,Toyota,Highlander,1.0,1.0,24003731307,3,1,3,1,2,3,1,2,2,1,7,2018-05-11,5,139.105339131536,47,1,1,2,1,2,1,0,1,24003740603,0,1
10,24510130600,8,24510120700,13:10,13:15,4,1,0,1,2,-1,-1,-1,1.623,5,2010.0,1.0,Honda,"Civic/CRX, del Sol",1.0,2.0,24510130700,2,1,2,0,2,0,0,2,0,1,6,2019-04-03,3,168.167782593223,70,2,1,2,1,2,1,1,0,-1,0,1
2,51059482400,16,51107611019,17:35,18:10,4,1,0,1,2,-1,-1,-1,11.228176613,35,2013.0,3.0,Ford,Edge,1.0,1.0,51107611023,3,2,3,1,2,2,0,2,2,0,6,2018-02-27,2,204.0,28,1,4,2,1,2,1,0,2,51059482400,0,2
6,24019970400,1,24019970900,19:05,19:14,5,2,0,2,-1,-1,-1,-1,4.263,9,2006.0,1.0,Honda,Accord,1.0,2.0,24019970900,1,3,2,0,2,0,2,2,0,1,5,2019-03-15,5,114.3198973411,85,1,1,2,1,1,2,1,0,-1,0,1
4,51510200202,1,51059492202,16:10,16:55,4,1,0,1,1,-1,-1,-1,13.150955825,45,2005.0,1.0,Honda,Civic,1.0,2.0,51059492202,1,1,3,1,3,0,0,3,1,3,7,2018-08-31,5,280.0,29,2,4,2,1,2,1,6,0,-1,1,1
1,24005411303,4,24005411303,13:45,13:50,4,1,0,1,2,-1,-1,-1,1.119,5,2009.0,1.0,Toyota,Corolla,1.0,2.0,24005411303,1,1,2,0,2,1,0,3,1,0,6,2018-05-30,3,230.290022527449,73,1,3,2,1,2,1,0,1,24005411303,0,1
11,51107610300,17,24027604002,11:00,11:50,5,3,1,4,-1,-1,-1,-1,51.718,50,2018.0,3.0,Toyota,Highlander,1.0,1.0,24027604002,1,1,4,1,4,3,0,6,6,3,8,2018-12-27,4,60.1786781289394,25,1,1,2,1,2,1,0,1,24027602303,1,1
16,24031703221,18,11001002501,09:05,09:15,4,1,0,1,4,-1,-1,-1,13.062329792,10,2018.0,3.0,Hyundai,Santa Fe,1.0,1.0,24031703214,3,2,4,3,2,2,0,2,2,0,7,2018-08-07,2,399.0,48,2,2,2,1,2,1,0,1,11001002501,0,1
2,51061930401,1,51061930401,15:05,15:15,4,1,0,1,1,-1,-1,-1,2.1798624198,10,2004.0,4.0,Chevrolet,Silverado,2.0,2.0,51061930401,1,1,2,0,2,2,0,4,0,0,6,2017-10-20,5,98.0,30,2,4,2,1,2,2,0,1,51061930401,0,1
2,24005403402,9,24005401505,14:45,15:45,4,1,0,1,2,-1,-1,-1,7.057,60,-1,-1,-1,-1,-1,-1,24510151000,1,1,2,0,2,1,1,0,0,0,4,2019-03-06,3,249.012203494584,60,1,2,2,1,2,2,0,1,24005403402,0,1
4,24003731103,1,24003730901,20:45,21:00,4,1,0,1,1,-1,-1,-1,5.382,15,2005.0,1.0,Volkswagen,Golf,2.0,1.0,24003730901,1,2,1,1,1,1,0,2,2,5,5,2018-04-10,2,42.0112859592687,59,2,1,2,1,2,1,0,1,24003702702,1,1
2,11001007301,1,24033804200,16:00,16:45,4,1,0,1,3,-1,-1,-1,11.186912942,45,2006.0,1.0,Volkswagen,Jetta,2.0,1.0,24033804200,1,1,3,1,3,3,0,3,2,3,8,2018-04-26,4,230.0,60,2,4,2,1,2,1,0,1,11001007301,0,1
2,24510271101,13,24510090300,15:59,16:04,4,1,0,1,2,0,-1,-1,2.325,5,2014.0,1.0,Mazda,Mazda3,1.0,1.0,24510271101,1,1,4,1,2,2,0,2,2,3,8,2018-10-19,5,184.348752406639,34,2,1,2,1,2,1,0,1,24027601105,0,1
1,51107611802,2,51107611020,13:30,13:50,4,1,0,1,2,-1,-1,-1,8.8035444864,20,2010.0,1.0,Volvo,C30,1.0,1.0,51107611802,2,2,3,1,2,2,0,2,2,0,8,2018-02-28,3,86.0,32,2,3,2,1,2,1,0,1,51107611020,0,1
1,24045010701,2,24045010702,16:45,17:00,4,1,0,1,2,-1,-1,-1,7.77,15,2001.0,3.0,Jeep,Cherokee,1.0,2.0,24045010701,1,1,4,2,3,3,0,3,0,4,6,2018-12-12,3,176.424400094242,17,1,1,2,1,2,1,0,1,24045010702,1,1
5,51013103402,1,51013103501,14:30,14:45,4,1,0,1,2,-1,-1,-1,1.6215931601,15,2017.0,3.0,Honda,HR-V,1.0,2.0,51013103501,3,2,1,0,1,1,0,1,0,0,7,2018-12-14,5,31.0,38,1,4,2,1,2,1,0,1,11001007200,0,1
1,24037876002,2,24037875801,07:00,07:20,4,1,0,1,2,-1,-1,-1,6.1524841695,20,2005.0,1.0,Toyota,Corolla,1.0,2.0,24037876002,1,2,5,3,2,1,0,2,1,2,7,2018-05-29,2,313.0,37,2,4,2,1,2,1,0,1,24037875801,0,2
6,24033801211,1,24033801409,12:35,12:55,4,1,0,1,1,-1,-1,-1,6.4412180473,20,-1,-1,-1,-1,-1,-1,24033801409,1,1,2,0,2,0,0,1,0,0,6,2018-10-03,3,127.0,74,2,2,2,1,2,1,1,0,-1,0,2
1,24031703902,9,24031702500,11:50,12:00,4,1,0,1,2,1,-1,-1,3.5630913933,10,2014.0,4.0,Ford,F-450,1.0,2.0,24031703902,1,1,1,0,1,0,0,1,0,0,2,2018-10-30,2,53.0,73,1,4,2,1,2,1,1,0,-1,0,1
7,11001000100,1,51013100500,20:40,21:00,4,1,0,1,3,0,-1,-1,3.9673385522,20,2013.0,1.0,Honda,Civic,1.0,1.0,51013100500,1,1,3,0,3,3,0,3,2,0,8,2017-10-30,1,343.0,22,1,4,2,1,2,1,0,1,51013100400,0,1
8,24003740201,1,24025301302,20:15,21:15,4,1,0,1,2,-1,-1,-1,30.565,60,2002.0,4.0,Ford,Medium/Heavy Â­ COE high entry,1.0,1.0,24025301302,1,1,4,0,2,2,0,4,3,0,4,2019-03-13,3,110.127182427189,34,2,1,2,1,2,1,0,1,24003730603,0,1
2,11001005800,2,11001010700,11:00,11:35,4,1,0,1,2,-1,-1,-1,1.1526517469,35,2018.0,3.0,Mazda,CX-3,1.0,1.0,51059451800,2,1,2,0,2,2,0,2,2,2,4,2017-11-29,3,138.0,34,1,1,1,1,2,1,0,1,11001003800,0,2
1,51059491102,16,51059490103,11:10,11:25,4,2,0,2,2,-1,-1,-1,3.8380645394,15,2015.0,2.0,Toyota,Sienna,1.0,2.0,51059491102,1,1,4,2,2,1,0,2,0,0,7,2018-03-12,1,273.0,35,1,4,2,1,2,1,2,0,-1,0,1
1,24510010100,5,24510010400,09:00,09:01,4,1,0,1,2,0,-1,-1,0.604,1,-1,1.0,Mazda,Mazda3,1.0,1.0,24510010100,2,1,2,0,2,2,0,2,2,2,8,2018-10-04,4,186.979332690504,31,2,1,2,1,2,1,0,1,24510280500,0,1
1,24025301302,2,24510070400,06:30,07:45,4,1,0,1,2,-1,-1,-1,19.711,75,2015.0,1.0,Honda,CR-V,1.0,2.0,24025301302,1,1,2,0,2,2,0,2,0,0,6,2018-07-17,2,59.2791500325225,58,1,1,2,1,2,1,0,1,24510070400,0,1
1,24017850706,18,24017850901,11:40,11:55,4,1,0,1,2,-1,-1,-1,3.3102593186,15,2006.0,1.0,Honda,Accord,4.0,1.0,24017850706,1,1,2,0,2,2,0,4,2,2,7,2017-11-27,1,47.0,61,1,4,2,1,2,1,0,2,24017850906,0,1
10,24047951200,1,24045010606,12:50,13:30,4,5,0,5,1,-1,-1,-1,21.609,40,2000.0,3.0,Toyota,Land Cruiser,1.0,2.0,24045010606,1,1,6,0,2,1,0,2,0,5,5,2018-08-01,3,251.676512528049,37,1,1,2,1,2,1,3,0,-1,0,1
1,11001009504,10,11001009504,10:15,10:20,4,1,0,1,2,-1,-1,-1,0.7569898589,5,1998.0,1.0,Honda,Accord,1.0,1.0,11001009504,2,1,3,1,2,2,0,1,1,4,8,2017-10-27,5,218.0,33,1,4,2,1,2,1,0,1,-1,0,1
1,51107610504,10,51107610505,13:30,13:35,4,2,0,2,2,-1,-1,-1,0.8793907249,5,2014.0,3.0,Mazda,CX-5,1.0,2.0,51107610504,1,1,2,0,2,2,0,2,1,0,8,2018-05-10,4,28.0,42,1,4,2,1,2,1,0,1,-1,0,1
7,24043010900,5,24043010802,17:00,17:30,4,1,0,1,2,-1,-1,-1,7.296,30,2015.0,1.0,Ford,Fiesta,1.0,2.0,24043010900,4,2,2,0,2,1,0,2,0,1,5,2018-10-24,3,104.014572329425,65,1,1,2,1,2,2,1,0,-1,0,1
1,24037875500,13,24037875500,09:30,09:40,4,1,0,1,2,-1,-1,-1,3.5964326563,10,2017.0,3.0,Toyota,RAV4,1.0,2.0,24037875500,1,1,4,1,3,2,0,5,0,0,5,2017-12-04,1,180.0,63,1,4,2,1,2,1,1,0,-1,0,2
2,24003706600,7,24033800601,12:50,13:20,4,1,0,1,2,-1,-1,-1,19.806335112,30,-1,-1,-1,-1,-1,-1,24009860802,1,2,1,0,1,1,0,3,0,1,4,2017-11-16,4,156.0,30,2,4,2,1,2,1,0,1,24009860701,0,1
2,24510270803,2,24510270803,07:59,08:14,4,1,0,1,2,-1,-1,-1,0.326,15,2014.0,1.0,Honda,Accord,1.0,2.0,24510260202,3,2,2,0,1,2,0,1,0,0,3,2018-08-01,3,35.0142250047935,50,2,2,2,1,2,1,0,1,24510270803,0,1
1,24005420701,1,24005420100,12:15,12:20,5,2,0,2,-1,-1,-1,-1,1.359,5,2015.0,1.0,Subaru,Impreza,1.0,1.0,24005420100,1,1,3,0,3,1,0,3,2,1,8,2018-10-12,5,154.782038373341,29,2,1,2,1,2,1,5,0,-1,0,1
5,24011955600,11,24011955600,09:45,10:05,4,1,0,1,1,-1,-1,-1,1.072,20,2008.0,1.0,Hyundai,Accent,1.0,2.0,24011955600,2,2,1,0,1,0,0,2,0,0,1,2019-03-13,3,99.3803745086106,69,2,2,2,1,2,2,1,0,-1,0,1
7,51683910100,1,51683910302,19:40,19:50,4,2,0,2,1,-1,-1,-1,2.8602406992,10,2018.0,3.0,Toyota,Highlander,1.0,1.0,51683910302,1,1,2,0,2,0,0,2,2,0,6,2018-04-09,1,37.0,69,1,4,2,1,2,1,1,0,-1,0,2
1,24005490301,2,24005408704,13:35,13:45,4,1,0,1,2,-1,-1,-1,4.085,10,2015.0,1.0,Volkswagen,Golf/Cabriolet/Cabrio/GTI/GLI,1.0,1.0,24005490301,3,2,2,0,2,2,0,2,1,0,5,2018-07-05,4,346.292628923385,25,1,1,2,1,2,1,0,1,24005408704,0,1
1,51153900408,11,51685920200,14:00,14:30,4,3,0,3,-1,-1,-1,-1,12.567628951,30,2016.0,1.0,Chevrolet,Malibu,1.0,1.0,51153900408,2,1,3,1,2,2,0,2,2,0,7,2018-05-16,3,237.0,32,2,4,2,1,2,1,0,1,24003740603,0,1
1,51153900100,2,51059422402,07:45,08:05,4,1,0,1,2,-1,-1,-1,12.22218902,20,2011.0,1.0,Toyota,Camry,1.0,2.0,51153900100,2,1,3,0,3,1,0,2,0,2,6,2018-03-15,4,89.0,25,1,4,2,1,2,1,0,2,51059422402,0,1
2,24031700817,1,24027601203,16:38,17:19,4,1,0,1,1,-1,-1,-1,31.379,41,2007.0,1.0,Infiniti,G25/G35/G37,1.0,1.0,24027601203,2,1,2,0,2,2,0,2,2,0,7,2018-10-02,2,48.4638805828061,35,2,1,2,1,2,1,0,1,24031700817,0,1
14,42071013204,1,24025303204,18:30,19:30,5,4,0,4,-1,-1,-1,-1,42.322,60,2016.0,3.0,Dodge,Journey,1.0,1.0,24025303204,1,1,4,2,2,2,0,2,1,2,6,2018-08-24,5,343.627832863553,6,2,1,2,-1,2,-1,-1,0,-1,1,1
14,24005490500,10,24005491300,17:05,17:30,4,1,0,1,4,-1,-1,-1,6.334,25,2007.0,3.0,Ford,Bronco (thru 1977)/Bronco II/Explorer/Explorer Sport,1.0,1.0,24005491201,1,1,4,1,3,3,0,4,2,3,7,2018-08-22,3,487.707386426001,54,1,1,2,1,2,1,0,1,24510271200,0,1
18,51107611101,16,51107980100,17:10,17:30,4,1,1,2,4,-1,-1,-1,9.9958322185,20,1997.0,1.0,Honda,Civic,1.0,1.0,51013101602,3,1,1,0,1,0,0,1,1,0,1,2018-06-04,1,78.0,55,1,3,2,1,2,2,4,0,-1,0,1
1,24009860900,5,24009860900,15:35,15:45,4,1,0,1,2,-1,-1,-1,0.4679823221,10,2011.0,1.0,Ford,Fiesta,1.0,2.0,24009860900,3,2,1,0,1,0,0,1,0,0,8,2018-10-05,5,133.0,79,1,4,2,1,2,2,1,0,-1,0,2
2,24510271501,1,24005401507,16:30,17:12,4,1,0,1,1,-1,-1,-1,15.756,42,2011.0,1.0,Toyota,Camry,1.0,1.0,24005401507,1,1,6,1,3,3,0,3,1,0,5,2018-07-10,2,91.6560645409044,29,2,3,2,1,2,1,0,2,24510271501,0,1
16,24021775302,1,54037972203,09:30,10:15,4,1,0,1,1,-1,-1,-1,13.100648855,45,2008.0,4.0,Honda,Ridgeline,1.0,2.0,54037972203,1,1,2,0,2,0,0,5,1,1,5,2018-08-09,4,103.0,70,2,4,2,1,2,1,1,0,-1,0,1
11,24001001000,1,24001000300,16:50,17:10,4,1,0,1,1,0,-1,-1,3.521,20,2013.0,1.0,Honda,Accord,1.0,2.0,24001000300,1,1,2,0,2,0,1,5,0,0,4,2019-04-02,2,133.612035607087,73,2,1,2,1,2,2,1,0,-1,0,1
2,51059980100,1,51059420203,14:30,14:55,4,1,0,1,1,-1,-1,-1,5.170510114,25,2013.0,4.0,Ford,F-150,6.0,1.0,51059420203,1,2,4,0,3,4,2,3,1,2,8,2018-07-26,4,275.0,63,2,4,2,1,2,1,0,2,51059980100,0,2
2,24033801906,1,11001009201,16:30,17:00,4,1,0,1,1,-1,-1,-1,11.783001875,30,2016.0,1.0,Lexus,GS F,1.0,1.0,11001009201,3,2,2,1,2,2,0,1,1,0,8,2018-03-21,3,106.0,36,2,4,2,1,2,1,0,1,24033801906,1,1
10,51107610504,5,51107610505,12:40,12:45,4,1,0,1,2,-1,-1,-1,0.5184126905,5,2012.0,1.0,Volvo,S60,1.0,1.0,51107610504,1,1,3,0,3,3,0,3,2,1,8,2018-05-16,3,38.0,57,1,4,2,1,2,1,0,1,51107611002,0,1
2,24003751102,6,24003731307,12:30,12:50,4,1,0,1,2,-1,-1,-1,8.054,20,2017.0,3.0,Chevrolet,Suburban,1.0,2.0,24003731303,1,1,4,2,2,2,0,2,0,1,8,2017-11-06,1,454.194896862119,40,1,1,2,1,2,1,0,1,24003751102,0,1
1,51107610604,2,51059422302,06:15,08:00,4,1,0,1,2,-1,-1,-1,39.315948591,105,2004.0,1.0,Mazda,RX-8,1.0,1.0,51107610604,1,1,6,2,4,3,0,3,2,0,8,2017-11-27,1,368.0,38,2,4,2,1,2,1,0,1,51059422302,0,1
8,24035810800,1,24027601108,17:20,18:15,4,1,0,1,1,-1,-1,-1,38.074,55,2017.0,1.0,Honda,"Civic/CRX, del Sol",1.0,1.0,24027601108,1,1,5,0,5,3,0,5,2,1,7,2018-04-03,2,317.299305284361,21,2,1,2,1,2,1,0,1,24035810800,0,1
1,51059432402,2,51059440201,07:25,08:10,4,1,0,1,2,-1,-1,-1,10.039180296,45,2012.0,3.0,Honda,CR-V,1.0,1.0,51059432402,1,1,2,0,2,2,0,2,2,1,8,2018-07-31,2,184.0,54,1,4,2,1,2,1,0,1,51059440201,0,1
1,24017850901,10,24017850901,12:15,12:30,4,1,0,1,2,-1,-1,-1,0.6590971155,15,2006.0,3.0,GMC,Envoy,1.0,2.0,24017850901,3,2,1,0,1,0,0,1,0,0,2,2017-11-17,5,200.0,72,1,2,2,1,2,1,1,0,-1,0,2
16,51099040100,2,51099040100,08:10,08:20,4,1,0,1,2,-1,-1,-1,1.8100415057,10,2017.0,3.0,Subaru,Forester,1.0,2.0,51099040400,1,1,4,3,2,2,0,3,0,4,8,2018-06-22,5,195.0,38,2,1,1,1,2,1,0,1,51099040100,0,1
10,24003702602,3,24003980000,10:54,11:40,4,1,0,1,2,-1,-1,-1,25.814,46,2011.0,1.0,Mazda,Mazda3,1.0,1.0,24003706301,3,1,1,0,1,1,0,1,1,1,5,2018-06-07,4,46.4357747016161,79,1,1,2,1,2,1,0,1,24003706700,0,1
1,24019970702,11,24019970300,09:20,09:48,4,1,0,1,1,-1,-1,-1,6.753,28,2012.0,3.0,Lexus,GS-300/350/400/430/ 450h/460,1.0,2.0,24019970702,1,1,2,0,2,1,0,3,1,2,8,2018-11-30,5,114.3198973411,77,1,1,2,1,2,1,1,0,-1,0,1
1,24043010400,4,54037972300,08:00,08:40,5,2,0,2,-1,-1,-1,-1,34.458,40,2006.0,1.0,Buick,LeSabre,1.0,2.0,24043010400,2,2,6,1,3,3,0,3,1,1,6,2019-04-05,5,275.658117414927,4,1,6,2,-1,-1,-1,-1,0,-1,1,1
5,24013507602,2,24013504100,11:37,11:49,4,2,0,2,3,0,-1,-1,4.348,12,2002.0,4.0,Ford,F-Series pickup,2.0,2.0,24013504202,1,1,4,1,1,2,0,2,0,0,5,2019-06-26,3,239.544248256823,33,1,1,2,1,2,1,0,2,-1,0,1
1,24033803402,2,24033807102,06:00,06:30,4,1,0,1,4,-1,-1,-1,6.9487094669,30,-1,-1,-1,-1,-1,-1,24033803402,2,1,3,0,3,3,0,3,0,0,6,2017-11-13,1,101.0,50,1,5,2,1,2,1,0,1,24033807102,0,1
5,24025303204,1,24025305100,15:15,15:40,4,1,0,1,1,0,-1,-1,7.323,25,2007.0,1.0,Mazda,Mazda3,1.0,2.0,24025305100,1,1,2,0,2,2,0,4,1,2,8,2018-11-14,3,22.884410416265,52,2,1,2,1,2,1,0,1,24510280500,0,1
1,24045010800,4,24045010400,07:30,07:40,5,2,1,3,-1,-1,-1,-1,4.66,10,2017.0,1.0,Ford,Focus,1.0,2.0,24045010800,1,1,3,1,2,2,0,2,0,1,7,2018-05-08,2,146.102243641769,11,2,1,2,-1,2,-1,-1,0,-1,1,1
5,24027606707,1,24027606805,16:05,16:25,4,2,0,2,1,-1,-1,-1,7.285,20,2014.0,1.0,Toyota,Prius,4.0,1.0,24027606805,1,1,2,0,2,0,0,2,1,0,7,2018-04-10,2,119.727116506054,70,2,1,2,1,2,1,1,0,-1,0,1
2,11001005600,6,24033803612,14:30,15:00,5,1,1,2,-1,-1,-1,-1,17.778,30,-1,-1,-1,-1,-1,-1,24510250205,2,1,2,0,2,1,0,2,0,0,6,2018-07-03,2,63.192332057616,57,2,2,2,1,2,1,0,1,-1,0,1
10,24003980000,1,24510270502,14:15,14:51,4,2,1,3,2,0,-1,-1,22.431,36,2016.0,2.0,Ford,Transit,1.0,2.0,24510270502,3,2,2,1,1,2,0,1,0,0,3,2018-05-25,5,238.879865564601,58,2,2,2,1,2,1,0,2,-1,1,1
1,24043000800,5,24043010400,16:30,16:45,5,2,0,2,-1,-1,-1,-1,3.401,15,2004.0,2.0,Dodge,Caravan/Grand Caravan,1.0,2.0,24043000800,2,1,8,4,3,2,0,3,0,5,5,2018-10-26,5,275.658117414927,46,1,1,2,1,2,1,3,0,-1,0,1
2,24510280102,1,24510280401,17:00,17:45,4,1,0,1,3,-1,-1,-1,4.231,45,2014.0,1.0,Dodge,Caravan/Grand Caravan,1.0,2.0,24510280401,3,2,2,0,2,2,1,2,1,0,5,2019-03-21,4,30.2232123471301,64,1,1,2,1,1,1,0,1,24510280102,0,1
1,24031700306,2,24031700901,07:30,17:00,4,1,0,1,2,-1,-1,-1,11.278044888,570,2015.0,1.0,Toyota,Corolla,1.0,1.0,24031700306,2,1,2,0,2,2,0,2,2,1,6,2017-11-16,4,204.0,62,1,4,2,1,2,1,0,1,24031700901,0,1
1,24015031201,5,24015030506,09:15,09:55,4,2,1,3,2,-1,-1,-1,17.71,40,2018.0,1.0,Volkswagen,Unknown (light truck)  OTHER AND,1.0,1.0,24015031201,1,1,2,0,2,0,0,1,1,0,3,2019-03-06,3,115.982471276874,67,2,1,2,1,2,1,1,0,-1,0,1
14,24031703501,11,24031701006,15:00,15:20,4,1,0,1,2,-1,-1,-1,8.258702314,20,2004.0,4.0,Chevrolet,Avalanche,1.0,2.0,24031702900,1,1,1,0,1,0,0,1,0,0,7,2017-11-03,5,54.0,66,2,4,2,1,2,2,1,0,-1,0,2
1,24033800109,16,24033800103,06:20,06:30,4,2,0,2,-1,-1,-1,-1,1.5904462151,10,2004.0,1.0,Chevrolet,Malibu,1.0,1.0,24033800109,1,1,2,0,2,2,0,2,1,2,5,2018-10-01,1,136.0,46,1,4,2,1,2,1,0,1,24003740305,0,1
1,51153901506,16,51153901507,06:55,07:10,4,3,0,3,-1,-1,-1,-1,1.7061839924,15,2016.0,4.0,Ram,1500,1.0,2.0,51153901506,1,1,3,1,2,2,0,4,0,2,7,2017-10-24,2,296.0,33,2,5,2,1,2,1,0,1,51059490103,0,1
8,24031701314,1,24013514202,14:38,15:33,4,1,0,1,1,-1,-1,-1,19.599,55,2008.0,4.0,GMC,Sierra,2.0,1.0,24013514202,1,1,2,0,2,1,1,3,2,0,8,2018-10-23,2,36.135696689653,70,2,1,2,1,1,1,1,0,-1,0,1
1,24003701400,5,24003740603,10:25,11:01,4,1,0,1,2,-1,-1,-1,23.8,36,2014.0,1.0,Subaru,XV Crosstrek,1.0,2.0,24003701400,1,1,4,2,2,1,0,2,1,3,7,2018-11-27,2,164.781135450619,52,1,1,2,1,2,1,3,0,-1,0,1
9,51685920200,1,51683910100,14:10,14:30,4,1,0,1,1,-1,-1,-1,3.5293355588,20,2017.0,3.0,Honda,HR-V,1.0,1.0,51683910100,1,1,2,0,2,2,0,2,2,1,7,2018-05-02,3,37.0,61,1,4,2,1,2,1,0,1,-1,0,2
14,24510220100,1,24013508200,19:56,20:47,5,3,0,3,-1,-1,-1,-1,34.487,51,2013.0,3.0,Nissan,Pathfinder,1.0,2.0,24013508200,1,1,3,0,2,2,1,2,0,0,7,2018-09-24,1,76.725232739714,-1,1,-1,2,2,1,2,4,0,-1,0,1
5,24013505102,5,24013505102,12:05,12:10,4,1,0,1,2,-1,-1,-1,0.539,5,2015.0,3.0,Honda,CR-V,1.0,2.0,24027603003,1,1,2,0,2,1,0,3,0,2,6,2018-03-16,5,133.84333994361,62,1,1,2,1,2,1,1,0,-1,0,1
16,24031700604,1,24031700205,16:15,16:40,4,1,0,1,1,-1,-1,-1,10.739365045,25,2007.0,2.0,Chrysler,Town & Country,1.0,1.0,24031700205,1,1,6,3,3,2,1,3,3,3,8,2018-03-23,5,502.0,41,1,4,2,1,2,1,0,2,-1,0,2
1,24033801312,2,11001010600,06:35,07:25,4,1,0,1,2,-1,-1,-1,14.387607201,50,2013.0,1.0,Audi,A5,1.0,1.0,24033801312,1,1,2,0,2,1,0,2,2,1,8,2018-02-26,1,161.0,65,1,2,2,1,2,1,0,2,11001010600,0,1
2,24021751701,5,24021750802,17:00,17:20,4,1,0,1,3,-1,-1,-1,2.5712404876,20,2014.0,1.0,Toyota,Corolla,1.0,2.0,24021750801,3,2,1,0,1,1,0,1,0,0,5,2018-02-01,4,174.0,33,2,4,2,1,2,1,0,1,24021751701,0,1
15,24045010603,2,24045000400,12:30,12:41,5,2,0,2,-1,-1,-1,-1,5.917,11,2003.0,3.0,Chevrolet,Geo Tracker/Tracker,1.0,2.0,24011955100,1,1,5,0,4,2,0,5,3,1,5,2019-03-01,5,366.103397168316,19,2,1,2,1,2,1,0,1,24045000400,0,1
1,51107611015,10,51107611014,19:00,19:10,4,2,0,2,4,-1,-1,-1,0.9811291951,10,2006.0,3.0,Honda,Pilot,1.0,1.0,51107611015,1,1,4,2,2,2,0,2,2,4,7,2018-05-08,2,109.0,50,1,4,2,1,2,1,0,1,51059481202,0,1
2,24005451600,1,24005490800,18:30,19:00,4,1,0,1,1,-1,-1,-1,15.435,30,2007.0,3.0,Toyota,Highlander,1.0,1.0,24005490800,1,1,4,2,2,2,0,2,2,4,8,2018-10-31,3,189.612081236246,50,2,1,2,1,2,1,0,1,-1,0,1
10,24025305200,16,24025305100,09:50,09:55,5,2,0,2,-1,-1,-1,-1,5.27,5,2006.0,4.0,Chevrolet,Colorado,1.0,2.0,24025305100,1,1,2,0,2,0,0,3,2,2,8,2018-06-20,3,22.884410416265,64,1,1,2,1,2,2,1,0,-1,0,1
1,24027602201,4,24510271200,12:15,12:50,4,1,0,1,2,-1,-1,-1,17.44,35,2013.0,1.0,Toyota,Prius,4.0,1.0,24027602201,2,1,2,0,2,1,-1,2,2,0,7,2017-11-14,2,274.252948183673,77,2,1,2,1,2,1,1,0,-1,0,1
2,11001008803,1,24033801310,20:00,21:30,4,1,0,1,1,-1,-1,-1,22.506591422,90,2011.0,1.0,Honda,Civic,1.0,2.0,24033801310,1,1,2,0,2,2,0,2,0,0,8,2018-01-25,4,161.0,60,1,2,2,1,2,1,0,1,11001008803,0,1
1,24005402603,2,24005402303,08:30,08:40,4,1,0,1,2,-1,-1,-1,2.582,10,2015.0,1.0,Honda,Accord,1.0,2.0,24005402603,1,1,3,0,3,3,1,3,0,0,8,2018-06-13,3,239.617009427373,55,1,2,2,1,1,1,0,1,24005402303,0,1
2,51059461601,1,51059482203,18:15,19:00,4,1,0,1,1,-1,-1,-1,9.8147627555,45,2014.0,3.0,Honda,CR-V,1.0,1.0,51059482203,3,1,2,1,2,2,0,3,2,0,8,2018-04-20,5,98.0,63,1,4,2,1,2,1,0,1,51059461601,0,1
5,51059430600,1,51059420201,14:40,15:00,4,2,0,2,-1,-1,-1,-1,2.6220845703,20,2007.0,3.0,Toyota,RAV4,1.0,1.0,51059420201,1,1,2,0,2,0,0,2,2,0,6,2018-07-31,2,180.0,79,2,4,2,1,2,1,1,0,-1,0,1
11,51683910402,1,51683910402,17:00,17:05,4,4,1,5,1,-1,-1,-1,0.6695738099,5,2005.0,2.0,Chrysler,Town & Country,1.0,2.0,51683910402,2,1,5,3,2,1,0,2,0,0,5,2018-08-09,4,137.0,35,1,4,2,1,2,1,2,0,-1,0,2
1,51107610202,2,51059480202,05:45,06:30,4,1,0,1,2,-1,-1,-1,41.899188045,45,2016.0,1.0,Unknown,Unknown,1.0,1.0,51107610202,1,1,1,1,1,1,0,1,1,1,8,2018-04-23,1,195.0,50,2,4,2,1,2,2,0,1,51059480202,1,1
1,24021751902,5,24021751902,14:00,14:05,4,1,0,1,2,-1,-1,-1,1.3781654571,5,1997.0,1.0,Oldsmobile,Eighty Eight,1.0,2.0,24021751902,1,1,2,1,2,1,0,3,1,0,7,2018-02-08,4,132.0,69,2,4,2,1,2,1,1,0,-1,0,2
18,24031703208,4,51013101603,07:00,08:00,4,1,0,1,2,1,-1,-1,13.032404316,60,2010.0,3.0,Honda,Pilot,1.0,1.0,51177020114,1,1,4,1,3,2,1,3,2,0,8,2018-06-14,4,299.0,21,2,4,2,1,2,1,6,0,-1,1,1
1,24043010300,2,24021765100,06:00,06:36,4,1,0,1,2,-1,-1,-1,35.494,36,2015.0,3.0,Mitsubishi,Outlander,1.0,2.0,24043010300,1,1,4,2,2,2,0,2,0,2,6,2018-06-25,1,277.658550737343,45,2,1,2,1,2,1,0,1,24021765100,0,1
1,24005451701,2,24510270502,09:00,09:30,4,1,0,1,3,-1,-1,-1,10.961,30,2015.0,3.0,Lexus,RX330/350/400h/450h,1.0,2.0,24005451701,3,2,1,0,1,1,0,1,0,0,-1,2019-02-19,2,480.687628609359,25,1,2,2,1,2,1,0,2,-1,0,1
2,51059481101,8,51059482503,14:45,14:55,4,1,0,1,4,-1,-1,-1,3.712088266,10,2005.0,3.0,GMC,Envoy,1.0,1.0,51153900410,1,1,2,0,2,2,0,2,1,1,5,2018-04-04,3,138.0,46,2,4,2,1,2,1,0,1,51059481101,0,1
2,24003702402,1,24003740305,22:00,22:30,4,1,0,1,2,-1,-1,-1,15.401,30,2017.0,1.0,Toyota,Prius Plug-In,3.0,2.0,24003740305,3,2,2,0,2,2,0,2,1,0,6,2018-03-26,1,88.5415541322851,29,1,1,2,1,2,1,0,1,24003702402,0,1
8,24037875802,12,24009860900,07:20,07:35,4,1,0,1,2,-1,-1,-1,4.3539199838,15,2016.0,1.0,Ford,Fusion,1.0,1.0,24037875901,1,1,1,0,1,1,0,1,1,1,6,2018-06-27,3,170.0,60,1,4,2,1,2,1,0,1,24009860801,0,2
1,51153901413,2,51059482203,08:55,09:40,4,2,0,2,-1,-1,-1,-1,22.815926635,45,2009.0,1.0,Honda,Civic,1.0,2.0,51153901413,2,1,2,1,2,1,0,2,0,1,6,2018-01-22,1,178.0,31,2,4,2,1,2,1,0,1,51059482203,0,2
1,51630000302,7,51630000500,17:15,17:20,4,1,1,2,2,-1,-1,-1,2.1247831235,5,2005.0,2.0,Chrysler,Pacifica,1.0,2.0,51630000302,1,1,2,0,2,2,0,3,0,1,6,2018-02-01,4,129.0,61,1,4,2,1,2,2,0,1,51177020106,0,2
7,51059491803,1,51059491601,13:50,14:00,4,1,0,1,-1,-1,-1,-1,2.397789673,10,-1,-1,-1,-1,-1,-1,51059491601,3,2,1,0,1,0,0,0,0,0,4,2018-10-19,5,83.0,79,1,4,2,1,2,1,1,0,-1,0,1
1,24003731003,7,24003730901,17:20,17:40,5,2,0,2,-1,-1,-1,-1,4.66,20,2007.0,3.0,Ford,Edge,1.0,2.0,24003731003,1,1,2,0,2,0,0,3,0,2,6,2018-06-26,2,77.1010122832118,71,1,1,2,1,2,1,1,0,-1,1,1
2,24510040100,17,24510270401,16:30,17:10,4,1,0,1,2,-1,-1,-1,5.966,40,2013.0,3.0,Jeep,Patriot,1.0,2.0,24510260202,2,1,2,0,2,2,0,2,0,1,5,2019-04-30,2,147.562761070152,65,1,2,2,1,2,1,0,1,24510040100,0,1
1,24003706600,2,51059491701,10:31,11:40,4,1,0,1,2,-1,-1,-1,59.461,69,2012.0,1.0,Hyundai,Sonata,1.0,2.0,24003706600,1,2,2,0,2,2,0,1,0,3,7,2018-07-23,1,84.6704806190729,47,2,1,2,1,2,1,0,1,51059491701,0,1
1,24005440500,1,24005451802,09:15,09:35,4,1,0,1,1,-1,-1,-1,10.156,20,2018.0,4.0,Ford,F-Series pickup,1.0,1.0,24005440500,1,1,2,0,2,0,0,2,2,2,6,2018-05-25,5,230.290022527449,70,2,1,2,1,2,1,1,0,-1,0,1
11,51107610400,11,51107610400,11:40,11:45,4,1,1,2,1,-1,-1,-1,0.3064274804,5,2001.0,4.0,Chevrolet,Silverado,1.0,2.0,51107610400,1,2,4,2,2,2,0,2,0,4,6,2018-04-04,3,26.0,57,2,4,2,1,2,1,0,1,51107610400,0,1
5,51059480505,1,51059480901,11:30,11:55,4,1,0,1,1,-1,-1,-1,3.5226919434,25,2013.0,3.0,Infiniti,EX37,1.0,2.0,51059480901,1,1,2,0,2,2,0,1,0,0,7,2018-01-08,1,161.0,58,2,4,2,1,2,1,0,1,-1,0,1
16,24031700823,1,24031700824,10:20,10:25,4,1,1,2,1,-1,-1,-1,0.448160594,5,2013.0,3.0,Subaru,Forester,1.0,1.0,24031700824,3,1,1,0,1,1,0,1,1,0,7,2017-12-21,4,101.0,43,1,4,2,1,2,1,0,1,24033807102,0,2
16,24031701004,1,24031700817,21:05,21:20,4,2,0,2,2,-1,-1,-1,3.1140967967,15,2017.0,1.0,Subaru,Legacy,1.0,1.0,24031700817,3,2,3,2,1,1,0,1,1,0,7,2018-02-12,1,133.0,41,2,4,2,1,2,1,0,1,24031704806,0,1
2,24025301108,7,24025303801,17:30,18:00,4,2,1,3,3,-1,-1,-1,6.114,30,2016.0,3.0,Mazda,CX-5,1.0,1.0,24025301108,1,1,3,0,3,3,0,4,2,1,7,2019-04-26,5,302.651017951618,57,2,1,2,1,2,1,0,1,24005408400,0,1
2,24027606606,2,24033807200,09:38,10:10,4,1,0,1,2,-1,-1,-1,21.379,32,2011.0,1.0,Volvo,40 Series,1.0,1.0,24027606606,1,1,2,0,2,2,0,2,2,2,8,2018-06-08,5,48.4638805828061,60,1,1,2,1,2,1,0,1,24005490605,0,1
1,24031701211,5,51059480202,18:00,18:30,4,1,0,1,2,-1,-1,-1,17.162755844,30,2007.0,1.0,Toyota,Matrix,1.0,1.0,24031701211,2,1,3,1,2,2,0,2,2,2,6,2017-12-20,3,76.0,41,1,1,1,1,2,1,0,1,24031700817,0,1
1,24027602900,5,24027602202,10:30,10:41,5,2,0,2,-1,-1,-1,-1,2.219,12,2009.0,2.0,Honda,Odyssey,1.0,1.0,24027602900,1,1,4,1,2,2,0,2,2,2,8,2018-10-12,5,90.0348708634327,2,1,1,2,-1,-1,-1,-1,0,-1,1,1
1,24025301205,18,24025303101,13:30,14:12,5,2,0,2,-1,-1,-1,-1,10.275,42,2002.0,1.0,Ford,Taurus,1.0,1.0,24025301205,3,1,2,0,2,0,1,2,1,0,-1,2018-12-07,5,249.42556674701,67,1,1,2,1,1,1,1,0,-1,0,1
2,24033800605,2,24033800605,16:30,16:35,4,1,0,1,2,-1,-1,-1,0.5821789675,5,2004.0,1.0,Toyota,Corolla,1.0,1.0,24033802501,1,1,4,4,2,2,1,3,3,0,4,2018-08-06,1,60.0,38,2,2,2,1,2,1,0,1,24033800605,1,1
5,24003740304,1,24003740900,11:30,11:40,4,1,0,1,1,-1,-1,-1,0.922,10,2000.0,3.0,Honda,CR-V,1.0,1.0,24003740900,1,1,1,0,1,0,0,2,2,0,4,2018-01-11,4,242.988734260524,68,2,1,2,1,2,2,1,0,-1,0,1
6,24033803608,1,24033800413,18:35,18:45,4,2,0,2,-1,-1,-1,-1,3.116337295,10,-1,-1,-1,-1,-1,-1,24033800413,2,1,3,1,2,2,0,2,2,2,6,2018-04-05,4,282.0,37,1,2,2,1,2,1,0,1,11001002302,0,1
5,24005411101,7,24025303801,18:05,18:23,4,1,0,1,2,-1,-1,-1,6.342,18,2017.0,1.0,Honda,Accord,1.0,1.0,24025303502,1,1,2,0,2,2,0,2,1,3,6,2019-02-06,3,184.967647502802,58,1,1,2,1,2,1,0,1,-1,0,1
