segment_id,segment_group,direction,route,route_type,description,observed_speed_mph,travel_time_min,speed_time_min,length_miles,status,congestion,imputation,source_link_id,start_lon,start_lat,end_lon,end_lat,start_milepost,end_milepost,fetched_at_utc,source_response_url,source_metadata_url
VA_I-64_201.6-233.9,segment,E,I-64,I,from I-64 Jct I-295 East Richmond (MM 201.6) to Lightfoot Exit234 (MM 233.9),59.53000000,32.60000000,26.60000000,32.30000000,open,1,0.0,1304213,,,,,,,2026-06-04T06:33:22+00:00,https://data.511-atis-ttrip-prod.iteriscloud.com/datasets/travelTime/travel_time_response.json,https://data.511-atis-ttrip-prod.iteriscloud.com/datasets/travelTime/travel_time_segments_metadata.json
VA_I-64_233.2-201,segment,W,I-64,I,from I-64 boundary of YORK CL/JAMES CITY - YORK CL (MM 233.2) to MM 201,62.13000000,31.00000000,27.00000000,32.10000000,open,1,0.0,1303753,,,,,,,2026-06-04T06:33:22+00:00,https://data.511-atis-ttrip-prod.iteriscloud.com/datasets/travelTime/travel_time_response.json,https://data.511-atis-ttrip-prod.iteriscloud.com/datasets/travelTime/travel_time_segments_metadata.json
VA_I-295_36.1-0,segment,S,I-295,I,from I-295 MM 36.1 to Jct I-95 South of Petersburg (MM 0),65.64000000,33.00000000,33.00000000,36.10000000,open,1,0.0,1303833,,,,,,,2026-06-04T06:33:22+00:00,https://data.511-atis-ttrip-prod.iteriscloud.com/datasets/travelTime/travel_time_response.json,https://data.511-atis-ttrip-prod.iteriscloud.com/datasets/travelTime/travel_time_segments_metadata.json
VA_I-95_100-126,segment,N,I-95,I,from I-95 MM 100 to US-1N Exit126A (MM 126),67.83000000,23.00000000,22.00000000,26.00000000,open,1,0.0,1303843,,,,,,,2026-06-04T06:33:22+00:00,https://data.511-atis-ttrip-prod.iteriscloud.com/datasets/travelTime/travel_time_response.json,https://data.511-atis-ttrip-prod.iteriscloud.com/datasets/travelTime/travel_time_segments_metadata.json
VA_I-95_79-75.5,segment,S,I-95,I,from I-95 Jct I-95 Richmond (MM 79) to Jct I-295 East Richmond (MM 75.5),61.76000000,3.40000000,3.60000000,3.50000000,open,1,0.0,1303869,,,,,,,2026-06-04T06:33:22+00:00,https://data.511-atis-ttrip-prod.iteriscloud.com/datasets/travelTime/travel_time_response.json,https://data.511-atis-ttrip-prod.iteriscloud.com/datasets/travelTime/travel_time_segments_metadata.json
VA_I-64_172.9-187,segment,E,I-64,I,from I-64 MM 172.9 to Jct I-95 Richmond (MM 187),61.76000000,13.60000000,14.40000000,14.00000000,open,1,0.0,1303866,,,,,,,2026-06-04T06:33:22+00:00,https://data.511-atis-ttrip-prod.iteriscloud.com/datasets/travelTime/travel_time_response.json,https://data.511-atis-ttrip-prod.iteriscloud.com/datasets/travelTime/travel_time_segments_metadata.json
VA_I-64_207-191,segment,W,I-64,I,from I-64 MM 207 to Jct I-95 Richmond (MM 191),60.00000000,16.00000000,15.00000000,16.00000000,open,1,0.0,1303889,,,,,,,2026-06-04T06:33:22+00:00,https://data.511-atis-ttrip-prod.iteriscloud.com/datasets/travelTime/travel_time_response.json,https://data.511-atis-ttrip-prod.iteriscloud.com/datasets/travelTime/travel_time_segments_metadata.json
VA_I-95_41.9-46.5,segment,N,I-95,I,from I-95 MM 41.9 to I-295 Exit46 (MM 46.5),55.17000000,5.00000000,5.00000000,4.60000000,open,1,0.0,1304098,,,,,,,2026-06-04T06:33:22+00:00,https://data.511-atis-ttrip-prod.iteriscloud.com/datasets/travelTime/travel_time_response.json,https://data.511-atis-ttrip-prod.iteriscloud.com/datasets/travelTime/travel_time_segments_metadata.json
VA_I-295_0-3.1,segment,N,I-295,I,from I-295 Jct I-95 South of Petersburg (MM 0) to US-460W Exit3B (MM 3.1),54.79000000,3.40000000,3.40000000,3.10000000,open,1,0.0,1304123,,,,,,,2026-06-04T06:33:22+00:00,https://data.511-atis-ttrip-prod.iteriscloud.com/datasets/travelTime/travel_time_response.json,https://data.511-atis-ttrip-prod.iteriscloud.com/datasets/travelTime/travel_time_segments_metadata.json
VA_I-295_25.5-17.2,segment,S,I-295,I,from I-295 Junction Virginia 895-Exit 25 (MM 25.5) to MM 17.2,71.14000000,7.00000000,7.00000000,8.30000000,open,1,0.0,1304190,,,,,,,2026-06-04T06:33:22+00:00,https://data.511-atis-ttrip-prod.iteriscloud.com/datasets/travelTime/travel_time_response.json,https://data.511-atis-ttrip-prod.iteriscloud.com/datasets/travelTime/travel_time_segments_metadata.json
VA_I-85_22.5-0,segment,S,I-85,I,from I-85 MM 22.5 to North Carolina State Line (MM 0),67.50000000,20.00000000,20.00000000,22.50000000,open,1,0.0,1304223,,,,,,,2026-06-04T06:33:22+00:00,https://data.511-atis-ttrip-prod.iteriscloud.com/datasets/travelTime/travel_time_response.json,https://data.511-atis-ttrip-prod.iteriscloud.com/datasets/travelTime/travel_time_segments_metadata.json
VA_I-85_60.3-68.5,segment,N,I-85,I,from I-85 MM 60.3 to Jct I-95 Petersburg (MM 68.5),61.50000000,8.00000000,9.00000000,8.20000000,open,1,0.0,1304233,,,,,,,2026-06-04T06:33:22+00:00,https://data.511-atis-ttrip-prod.iteriscloud.com/datasets/travelTime/travel_time_response.json,https://data.511-atis-ttrip-prod.iteriscloud.com/datasets/travelTime/travel_time_segments_metadata.json
VA_I-64_190.4-191,segment,E,I-64,I,"from I-64 Jct I-95 Richmond (MM 190.4) to junction I-95N,City of Richmond (MM 191)",65.50000000,0.50000000,0.50000000,0.50000000,open,1,0.0,1304424,,,,,,,2026-06-04T06:33:22+00:00,https://data.511-atis-ttrip-prod.iteriscloud.com/datasets/travelTime/travel_time_response.json,https://data.511-atis-ttrip-prod.iteriscloud.com/datasets/travelTime/travel_time_segments_metadata.json
VA_I-64_172.9-174.8,segment,E,I-64,I,from I-64 MM 172.9 to VA-288 Exit175 (MM 174.8),38.00000000,3.00000000,3.00000000,1.90000000,open,1,0.0,1304276,,,,,,,2026-06-04T06:33:22+00:00,https://data.511-atis-ttrip-prod.iteriscloud.com/datasets/travelTime/travel_time_response.json,https://data.511-atis-ttrip-prod.iteriscloud.com/datasets/travelTime/travel_time_segments_metadata.json
VA_I-95_66.1-75.5,segment,N,I-95,I,from I-95 MM 66.1 to Jct I-295 East Richmond (MM 75.5),62.67000000,9.00000000,9.00000000,9.40000000,open,1,0.0,1304328,,,,,,,2026-06-04T06:33:22+00:00,https://data.511-atis-ttrip-prod.iteriscloud.com/datasets/travelTime/travel_time_response.json,https://data.511-atis-ttrip-prod.iteriscloud.com/datasets/travelTime/travel_time_segments_metadata.json
VA_I-95_63.2-51.71,segment,S,I-95,I,from I-95 Junction Virginia 288 Exit 62-Bellwood (MM 63.2) to Jct I-85 Petersburg (MM 51.71),59.29000000,11.50000000,10.80000000,11.40000000,open,1,0.0,3296009708,,,,,,,2026-06-04T06:33:22+00:00,https://data.511-atis-ttrip-prod.iteriscloud.com/datasets/travelTime/travel_time_response.json,https://data.511-atis-ttrip-prod.iteriscloud.com/datasets/travelTime/travel_time_segments_metadata.json
VA_I-95_88.6-79.6,segment,S,I-95,I,"from I-95 MM 88.6 to junction I-195S,City of Richmond (MM 79.6)",60.00000000,9.00000000,9.00000000,9.00000000,open,1,0.0,1304411,,,,,,,2026-06-04T06:33:22+00:00,https://data.511-atis-ttrip-prod.iteriscloud.com/datasets/travelTime/travel_time_response.json,https://data.511-atis-ttrip-prod.iteriscloud.com/datasets/travelTime/travel_time_segments_metadata.json
VA_I-64_199.1-233.9,segment,E,I-64,I,from I-64 MM 199.1 to Lightfoot Exit234 (MM 233.9),62.23000000,33.60000000,29.70000000,34.80000000,open,1,0.0,1304437,,,,,,,2026-06-04T06:33:22+00:00,https://data.511-atis-ttrip-prod.iteriscloud.com/datasets/travelTime/travel_time_response.json,https://data.511-atis-ttrip-prod.iteriscloud.com/datasets/travelTime/travel_time_segments_metadata.json
VA_I-64_187-177.3,segment,W,I-64,I,from I-64 Jct I-95 Richmond (MM 187) to Jct I-295 West Richmond (MM 177.3),57.87000000,10.00000000,9.30000000,9.60000000,open,1,0.0,1304474,,,,,,,2026-06-04T06:33:22+00:00,https://data.511-atis-ttrip-prod.iteriscloud.com/datasets/travelTime/travel_time_response.json,https://data.511-atis-ttrip-prod.iteriscloud.com/datasets/travelTime/travel_time_segments_metadata.json
VA_I-64_110.1-87.14,segment,W,I-64,I,from I-64 MM 110.1 to Jct I-81 Lexington (MM 87.14),59.74000000,23.00000000,21.00000000,22.90000000,open,1,0.0,1304484,,,,,,,2026-06-04T06:33:22+00:00,https://data.511-atis-ttrip-prod.iteriscloud.com/datasets/travelTime/travel_time_response.json,https://data.511-atis-ttrip-prod.iteriscloud.com/datasets/travelTime/travel_time_segments_metadata.json
VA_I-64_93.1-118,segment,E,I-64,I,from I-64 MM 93.1 to Jct US-29 Charlottesville (MM 118),64.96000000,23.00000000,21.00000000,24.90000000,open,1,0.0,1304495,,,,,,,2026-06-04T06:33:22+00:00,https://data.511-atis-ttrip-prod.iteriscloud.com/datasets/travelTime/travel_time_response.json,https://data.511-atis-ttrip-prod.iteriscloud.com/datasets/travelTime/travel_time_segments_metadata.json
VA_I-81_179-221,segment,N,I-81,I,from I-81 MM 179 to Jct US-29 Charlottesville (MM 221),64.62000000,39.00000000,38.00000000,42.00000000,open,1,0.0,1304515,,,,,,,2026-06-04T06:33:22+00:00,https://data.511-atis-ttrip-prod.iteriscloud.com/datasets/travelTime/travel_time_response.json,https://data.511-atis-ttrip-prod.iteriscloud.com/datasets/travelTime/travel_time_segments_metadata.json
VA_I-81_217.6-247,segment,N,I-81,I,from I-81 Rt654 Exit217 (MM 217.6) to Jct US-33 East Market Street Harrisonburg (MM 247),60.83000000,29.00000000,27.00000000,29.40000000,open,1,0.0,1304535,,,,,,,2026-06-04T06:33:22+00:00,https://data.511-atis-ttrip-prod.iteriscloud.com/datasets/travelTime/travel_time_response.json,https://data.511-atis-ttrip-prod.iteriscloud.com/datasets/travelTime/travel_time_segments_metadata.json
VA_I-81_224.4-191,segment,S,I-81,I,"from I-81 MM 224.4 to junction I-64E,Rockbridge County (MM 191)",64.65000000,31.00000000,29.00000000,33.40000000,open,1,0.0,1304545,,,,,,,2026-06-04T06:33:22+00:00,https://data.511-atis-ttrip-prod.iteriscloud.com/datasets/travelTime/travel_time_response.json,https://data.511-atis-ttrip-prod.iteriscloud.com/datasets/travelTime/travel_time_segments_metadata.json
VA_I-81_230.7-247,segment,N,I-81,I,from I-81 MM 230.7 to Jct US-33 East Market Street Harrisonburg (MM 247),61.13000000,16.00000000,15.00000000,16.30000000,open,1,0.0,1304565,,,,,,,2026-06-04T06:33:22+00:00,https://data.511-atis-ttrip-prod.iteriscloud.com/datasets/travelTime/travel_time_response.json,https://data.511-atis-ttrip-prod.iteriscloud.com/datasets/travelTime/travel_time_segments_metadata.json
VA_I-81_259.8-300,segment,N,I-81,I,from I-81 MM 259.8 to I-66 Exit300 (MM 300),63.32000000,38.00000000,37.00000000,40.10000000,open,1,0.0,1304575,,,,,,,2026-06-04T06:33:22+00:00,https://data.511-atis-ttrip-prod.iteriscloud.com/datasets/travelTime/travel_time_response.json,https://data.511-atis-ttrip-prod.iteriscloud.com/datasets/travelTime/travel_time_segments_metadata.json
VA_I-81_267.6-221,segment,S,I-81,I,from I-81 MM 267.6 to Jct US-29 Charlottesville (MM 221),66.57000000,42.00000000,41.00000000,46.60000000,open,1,0.0,1304595,,,,,,,2026-06-04T06:33:22+00:00,https://data.511-atis-ttrip-prod.iteriscloud.com/datasets/travelTime/travel_time_response.json,https://data.511-atis-ttrip-prod.iteriscloud.com/datasets/travelTime/travel_time_segments_metadata.json
VA_I-81_287.4-300,segment,N,I-81,I,from I-81 MM 287.4 to I-66 Exit300 (MM 300),63.00000000,12.00000000,12.00000000,12.60000000,open,1,0.0,1304605,,,,,,,2026-06-04T06:33:22+00:00,https://data.511-atis-ttrip-prod.iteriscloud.com/datasets/travelTime/travel_time_response.json,https://data.511-atis-ttrip-prod.iteriscloud.com/datasets/travelTime/travel_time_segments_metadata.json
VA_I-81_302.1-313,segment,N,I-81,I,from I-81 Rt627 Exit302 (MM 302.1) to MM 313,58.91000000,11.00000000,11.00000000,10.80000000,open,1,0.0,1304625,,,,,,,2026-06-04T06:33:22+00:00,https://data.511-atis-ttrip-prod.iteriscloud.com/datasets/travelTime/travel_time_response.json,https://data.511-atis-ttrip-prod.iteriscloud.com/datasets/travelTime/travel_time_segments_metadata.json
VA_I-81_305.65-247,segment,S,I-81,I,from I-81 MM 305.65 to Jct US-33 East Market Street Harrisonburg (MM 247),65.11000000,54.00000000,54.00000000,58.60000000,open,1,0.0,1304635,,,,,,,2026-06-04T06:33:22+00:00,https://data.511-atis-ttrip-prod.iteriscloud.com/datasets/travelTime/travel_time_response.json,https://data.511-atis-ttrip-prod.iteriscloud.com/datasets/travelTime/travel_time_segments_metadata.json
VA_I-81_305.65-300,segment,S,I-81,I,"from I-81 MM 305.65 to junction I-66W,Warren County;boundary of @ WARREN - FREDERICK CO LINE (MM 300)",67.20000000,5.00000000,6.00000000,5.60000000,open,1,0.0,1304645,,,,,,,2026-06-04T06:33:22+00:00,https://data.511-atis-ttrip-prod.iteriscloud.com/datasets/travelTime/travel_time_response.json,https://data.511-atis-ttrip-prod.iteriscloud.com/datasets/travelTime/travel_time_segments_metadata.json
VA_I-81_323.3-313,segment,S,I-81,I,"from I-81 MM 323.3 to Junction US 17 South, 50 East, and 522 South-Exit 313A (MM 313)",68.67000000,9.00000000,9.00000000,10.30000000,open,1,0.0,1304665,,,,,,,2026-06-04T06:33:22+00:00,https://data.511-atis-ttrip-prod.iteriscloud.com/datasets/travelTime/travel_time_response.json,https://data.511-atis-ttrip-prod.iteriscloud.com/datasets/travelTime/travel_time_segments_metadata.json
VA_I-81_72-81,segment,N,I-81,I,from I-81 MM 72 to North Carolina State Line (MM 81),64.19000000,8.40000000,8.40000000,9.00000000,open,1,0.0,1306287,,,,,,,2026-06-04T06:33:22+00:00,https://data.511-atis-ttrip-prod.iteriscloud.com/datasets/travelTime/travel_time_response.json,https://data.511-atis-ttrip-prod.iteriscloud.com/datasets/travelTime/travel_time_segments_metadata.json
VA_I-77_32-0,segment,S,I-77,I,from I-77 Jct I-81 Wytheville (MM 32) to North Carolina State Line (MM 0),63.45000000,30.30000000,31.20000000,32.00000000,open,1,0.0,5888190019,,,,,,,2026-06-04T06:33:22+00:00,https://data.511-atis-ttrip-prod.iteriscloud.com/datasets/travelTime/travel_time_response.json,https://data.511-atis-ttrip-prod.iteriscloud.com/datasets/travelTime/travel_time_segments_metadata.json
VA_I-77_59.5-40,segment,S,I-77,I,from I-77 Junction Route 666-Exit 58 (MM 59.5) to Jct I-81 Wytheville (MM 40),55.71000000,21.00000000,19.00000000,19.50000000,open,1,0.0,1305282,,,,,,,2026-06-04T06:33:22+00:00,https://data.511-atis-ttrip-prod.iteriscloud.com/datasets/travelTime/travel_time_response.json,https://data.511-atis-ttrip-prod.iteriscloud.com/datasets/travelTime/travel_time_segments_metadata.json
VA_I-81_72-45,segment,S,I-81,I,from I-81 MM 72 to boundary of MARION (MM 45),65.45000000,24.80000000,24.00000000,27.00000000,open,1,0.0,1306303,,,,,,,2026-06-04T06:33:22+00:00,https://data.511-atis-ttrip-prod.iteriscloud.com/datasets/travelTime/travel_time_response.json,https://data.511-atis-ttrip-prod.iteriscloud.com/datasets/travelTime/travel_time_segments_metadata.json
VA_I-81_42-72,segment,N,I-81,I,from I-81 MM 42 to MM 72,64.62000000,27.90000000,28.40000000,30.00000000,open,1,0.0,1304750,,,,,,,2026-06-04T06:33:22+00:00,https://data.511-atis-ttrip-prod.iteriscloud.com/datasets/travelTime/travel_time_response.json,https://data.511-atis-ttrip-prod.iteriscloud.com/datasets/travelTime/travel_time_segments_metadata.json
VA_I-581_0-6.6,segment,N,I-581,I,from I-581 Jct I-81 Roanoke (MM 0) to Jct VA-419 US-220 Franklin Road Southwest and Electric Road (MM 6.6),48.91000000,8.10000000,7.20000000,6.60000000,open,1,0.0,94866824,,,,,,,2026-06-04T06:33:22+00:00,https://data.511-atis-ttrip-prod.iteriscloud.com/datasets/travelTime/travel_time_response.json,https://data.511-atis-ttrip-prod.iteriscloud.com/datasets/travelTime/travel_time_segments_metadata.json
VA_I-581_3-0,segment,S,I-581,I,from I-581 MM 3 to Jct I-81 Roanoke (MM 0),50.52000000,3.60000000,3.30000000,3.00000000,open,1,0.0,1304859,,,,,,,2026-06-04T06:33:22+00:00,https://data.511-atis-ttrip-prod.iteriscloud.com/datasets/travelTime/travel_time_response.json,https://data.511-atis-ttrip-prod.iteriscloud.com/datasets/travelTime/travel_time_segments_metadata.json
VA_I-81_25-45,segment,N,I-81,I,from I-81 VA-80 Exit24 (MM 25) to boundary of MARION (MM 45),66.67000000,18.00000000,19.00000000,20.00000000,open,1,0.0,1304892,,,,,,,2026-06-04T06:33:22+00:00,https://data.511-atis-ttrip-prod.iteriscloud.com/datasets/travelTime/travel_time_response.json,https://data.511-atis-ttrip-prod.iteriscloud.com/datasets/travelTime/travel_time_segments_metadata.json
VA_I-81_9-45,segment,N,I-81,I,from I-81 MM 9 to boundary of MARION (MM 45),67.50000000,32.00000000,33.00000000,36.00000000,open,1,0.0,1304902,,,,,,,2026-06-04T06:33:22+00:00,https://data.511-atis-ttrip-prod.iteriscloud.com/datasets/travelTime/travel_time_response.json,https://data.511-atis-ttrip-prod.iteriscloud.com/datasets/travelTime/travel_time_segments_metadata.json
VA_I-81_118-71,segment,S,I-81,I,from I-81 MM 118 to Junction US 21 and 52 Exit 70-Wytheville (MM 71),64.09000000,44.00000000,43.00000000,47.00000000,open,1,0.0,1304922,,,,,,,2026-06-04T06:33:22+00:00,https://data.511-atis-ttrip-prod.iteriscloud.com/datasets/travelTime/travel_time_response.json,https://data.511-atis-ttrip-prod.iteriscloud.com/datasets/travelTime/travel_time_segments_metadata.json
VA_I-81_81-118,segment,N,I-81,I,from I-81 North Carolina State Line (MM 81) to MM 118,61.05000000,36.40000000,36.00000000,37.00000000,open,1,0.0,1304958,,,,,,,2026-06-04T06:33:22+00:00,https://data.511-atis-ttrip-prod.iteriscloud.com/datasets/travelTime/travel_time_response.json,https://data.511-atis-ttrip-prod.iteriscloud.com/datasets/travelTime/travel_time_segments_metadata.json
VA_I-81_62-3,segment,S,I-81,I,from I-81 MM 62 to MM 3,68.08000000,52.00000000,52.00000000,59.00000000,open,1,0.0,1304981,,,,,,,2026-06-04T06:33:22+00:00,https://data.511-atis-ttrip-prod.iteriscloud.com/datasets/travelTime/travel_time_response.json,https://data.511-atis-ttrip-prod.iteriscloud.com/datasets/travelTime/travel_time_segments_metadata.json
VA_I-81_118-143,segment,N,I-81,I,from I-81 MM 118 to MM 143,57.69000000,26.00000000,26.00000000,25.00000000,open,1,0.0,1305047,,,,,,,2026-06-04T06:33:22+00:00,https://data.511-atis-ttrip-prod.iteriscloud.com/datasets/travelTime/travel_time_response.json,https://data.511-atis-ttrip-prod.iteriscloud.com/datasets/travelTime/travel_time_segments_metadata.json
VA_I-81_150-143,segment,S,I-81,I,from I-81 Junction US 220 South-Exit 150A (MM 150) to MM 143,52.50000000,8.00000000,7.00000000,7.00000000,open,1,0.0,1305087,,,,,,,2026-06-04T06:33:22+00:00,https://data.511-atis-ttrip-prod.iteriscloud.com/datasets/travelTime/travel_time_response.json,https://data.511-atis-ttrip-prod.iteriscloud.com/datasets/travelTime/travel_time_segments_metadata.json
VA_I-581_4.5-6.35,segment,N,I-581,I,from I-581 VA-101W Exit3W (MM 4.5) to Jct VA-419 US-220 Franklin Road Southwest and Electric Road (MM 6.35),62.25000000,1.70000000,1.60000000,1.80000000,open,1,0.0,1306199,,,,,,,2026-06-04T06:33:22+00:00,https://data.511-atis-ttrip-prod.iteriscloud.com/datasets/travelTime/travel_time_response.json,https://data.511-atis-ttrip-prod.iteriscloud.com/datasets/travelTime/travel_time_segments_metadata.json
VA_I-81_143-150,segment,N,I-81,I,from I-81 MM 143 to US-220S Exit150A (MM 150),52.80000000,8.00000000,7.20000000,7.00000000,open,1,0.0,1305120,,,,,,,2026-06-04T06:33:22+00:00,https://data.511-atis-ttrip-prod.iteriscloud.com/datasets/travelTime/travel_time_response.json,https://data.511-atis-ttrip-prod.iteriscloud.com/datasets/travelTime/travel_time_segments_metadata.json
VA_I-81_143-118,segment,S,I-81,I,from I-81 MM 143 to MM 118,57.43000000,26.10000000,25.20000000,25.00000000,open,1,0.0,1305133,,,,,,,2026-06-04T06:33:22+00:00,https://data.511-atis-ttrip-prod.iteriscloud.com/datasets/travelTime/travel_time_response.json,https://data.511-atis-ttrip-prod.iteriscloud.com/datasets/travelTime/travel_time_segments_metadata.json
VA_I-77_11-0,segment,S,I-77,I,from I-77 MM 11 to North Carolina State Line (MM 0),66.00000000,10.00000000,10.00000000,11.00000000,open,1,0.0,1305242,,,,,,,2026-06-04T06:33:22+00:00,https://data.511-atis-ttrip-prod.iteriscloud.com/datasets/travelTime/travel_time_response.json,https://data.511-atis-ttrip-prod.iteriscloud.com/datasets/travelTime/travel_time_segments_metadata.json
VA_I-77_47-66,segment,N,I-77,I,from I-77 Rt717 Exit47 (MM 47) to MM 66,60.00000000,19.00000000,18.00000000,19.00000000,open,1,0.0,1305262,,,,,,,2026-06-04T06:33:22+00:00,https://data.511-atis-ttrip-prod.iteriscloud.com/datasets/travelTime/travel_time_response.json,https://data.511-atis-ttrip-prod.iteriscloud.com/datasets/travelTime/travel_time_segments_metadata.json
VA_I-77_52-66,segment,N,I-77,I,from I-77 US-52/VA-42 Exit52 (MM 52) to MM 66,60.00000000,14.00000000,14.00000000,14.00000000,open,1,0.0,1305272,,,,,,,2026-06-04T06:33:22+00:00,https://data.511-atis-ttrip-prod.iteriscloud.com/datasets/travelTime/travel_time_response.json,https://data.511-atis-ttrip-prod.iteriscloud.com/datasets/travelTime/travel_time_segments_metadata.json
VA_I-81_25-3,segment,S,I-81,I,from I-81 Junction Virginia 80 Exit 24-Meadowview (MM 25) to MM 3,66.00000000,20.00000000,20.00000000,22.00000000,open,1,0.0,1305312,,,,,,,2026-06-04T06:33:22+00:00,https://data.511-atis-ttrip-prod.iteriscloud.com/datasets/travelTime/travel_time_response.json,https://data.511-atis-ttrip-prod.iteriscloud.com/datasets/travelTime/travel_time_segments_metadata.json
VA_I-81_12-3,segment,S,I-81,I,from I-81 MM 12 to MM 3,60.00000000,9.00000000,8.00000000,9.00000000,open,1,0.0,1305322,,,,,,,2026-06-04T06:33:22+00:00,https://data.511-atis-ttrip-prod.iteriscloud.com/datasets/travelTime/travel_time_response.json,https://data.511-atis-ttrip-prod.iteriscloud.com/datasets/travelTime/travel_time_segments_metadata.json
VA_I-81_137-143,segment,N,I-81,I,from I-81 VA-112 Exit137 (MM 137) to MM 143,51.43000000,7.00000000,7.00000000,6.00000000,open,1,0.0,1305410,,,,,,,2026-06-04T06:33:22+00:00,https://data.511-atis-ttrip-prod.iteriscloud.com/datasets/travelTime/travel_time_response.json,https://data.511-atis-ttrip-prod.iteriscloud.com/datasets/travelTime/travel_time_segments_metadata.json
VA_I-81_172-150,segment,S,I-81,I,from I-81 MM 172 to Junction US 220 South-Exit 150A (MM 150),60.00000000,22.00000000,20.00000000,22.00000000,open,1,0.0,1305657,,,,,,,2026-06-04T06:33:22+00:00,https://data.511-atis-ttrip-prod.iteriscloud.com/datasets/travelTime/travel_time_response.json,https://data.511-atis-ttrip-prod.iteriscloud.com/datasets/travelTime/travel_time_segments_metadata.json
VA_I-81_150-191,segment,N,I-81,I,from I-81 US-220S Exit150A (MM 150) to I-64 Exit191 (MM 191),63.08000000,39.00000000,37.00000000,41.00000000,open,1,0.0,1305753,,,,,,,2026-06-04T06:33:22+00:00,https://data.511-atis-ttrip-prod.iteriscloud.com/datasets/travelTime/travel_time_response.json,https://data.511-atis-ttrip-prod.iteriscloud.com/datasets/travelTime/travel_time_segments_metadata.json
VA_I-81_114-118,segment,N,I-81,I,from I-81 VA-8 Exit114 (MM 114) to MM 118,60.00000000,4.00000000,4.00000000,4.00000000,open,1,0.0,1305774,,,,,,,2026-06-04T06:33:22+00:00,https://data.511-atis-ttrip-prod.iteriscloud.com/datasets/travelTime/travel_time_response.json,https://data.511-atis-ttrip-prod.iteriscloud.com/datasets/travelTime/travel_time_segments_metadata.json
VA_I-81_98-118,segment,N,I-81,I,from I-81 VA-100 Exit98 (MM 98) to MM 118,66.67000000,18.00000000,18.00000000,20.00000000,open,1,0.0,1305830,,,,,,,2026-06-04T06:33:22+00:00,https://data.511-atis-ttrip-prod.iteriscloud.com/datasets/travelTime/travel_time_response.json,https://data.511-atis-ttrip-prod.iteriscloud.com/datasets/travelTime/travel_time_segments_metadata.json
VA_I-81_98-81,segment,S,I-81,I,from I-81 MM 98 to Jct I-81 Wytheville (MM 81),63.91000000,16.00000000,16.00000000,17.00000000,open,1,0.0,1305860,,,,,,,2026-06-04T06:33:22+00:00,https://data.511-atis-ttrip-prod.iteriscloud.com/datasets/travelTime/travel_time_response.json,https://data.511-atis-ttrip-prod.iteriscloud.com/datasets/travelTime/travel_time_segments_metadata.json
VA_I-81_140-143,segment,N,I-81,I,from I-81 VA-311 Exit140 (MM 140) to MM 143,45.00000000,4.00000000,4.00000000,3.00000000,open,1,0.0,1306068,,,,,,,2026-06-04T06:33:22+00:00,https://data.511-atis-ttrip-prod.iteriscloud.com/datasets/travelTime/travel_time_response.json,https://data.511-atis-ttrip-prod.iteriscloud.com/datasets/travelTime/travel_time_segments_metadata.json
VA_I-81_81-72,segment,S,I-81,I,from I-81 Jct I-81 Wytheville (MM 81) to MM 72,63.73000000,8.50000000,8.50000000,9.00000000,open,1,0.0,1306258,,,,,,,2026-06-04T06:33:22+00:00,https://data.511-atis-ttrip-prod.iteriscloud.com/datasets/travelTime/travel_time_response.json,https://data.511-atis-ttrip-prod.iteriscloud.com/datasets/travelTime/travel_time_segments_metadata.json
VA_I-95_3.8-36.3,segment,N,I-95,I,from I-95 Rt629 Exit4 (MM 3.8) to MM 36.3,69.64000000,28.00000000,28.00000000,32.50000000,open,1,0.0,365457166,,,,,,,2026-06-04T06:33:22+00:00,https://data.511-atis-ttrip-prod.iteriscloud.com/datasets/travelTime/travel_time_response.json,https://data.511-atis-ttrip-prod.iteriscloud.com/datasets/travelTime/travel_time_segments_metadata.json
VA_I-95_62.95-67.43,segment,N,I-95,I,"from I-95 junction VA-288,Chesterfield County (MM 62.95) to VA-150N Exit67B (MM 67.43)",53.45000000,4.90000000,4.50000000,4.40000000,open,1,0.0,365466880,,,,,,,2026-06-04T06:33:22+00:00,https://data.511-atis-ttrip-prod.iteriscloud.com/datasets/travelTime/travel_time_response.json,https://data.511-atis-ttrip-prod.iteriscloud.com/datasets/travelTime/travel_time_segments_metadata.json
VA_I-95_18.9-0.1,segment,S,I-95,I,from I-95 MM 18.9 to North Carolina State Line (MM 0.1),66.00000000,17.00000000,17.00000000,18.70000000,open,1,0.0,365481058,,,,,,,2026-06-04T06:33:22+00:00,https://data.511-atis-ttrip-prod.iteriscloud.com/datasets/travelTime/travel_time_response.json,https://data.511-atis-ttrip-prod.iteriscloud.com/datasets/travelTime/travel_time_segments_metadata.json
VA_I-95_35.3-51.71,segment,N,I-95,I,from I-95 MM 35.3 to Jct I-85 Petersburg (MM 51.71),61.50000000,16.00000000,16.00000000,16.40000000,open,1,0.0,365487537,,,,,,,2026-06-04T06:33:22+00:00,https://data.511-atis-ttrip-prod.iteriscloud.com/datasets/travelTime/travel_time_response.json,https://data.511-atis-ttrip-prod.iteriscloud.com/datasets/travelTime/travel_time_segments_metadata.json
VA_I-95_46.1-51.71,segment,N,I-95,I,from I-95 I-295 Exit46 (MM 46.1) to Jct I-85 Petersburg (MM 51.71),56.00000000,6.00000000,6.00000000,5.60000000,open,1,0.0,366819340,,,,,,,2026-06-04T06:33:22+00:00,https://data.511-atis-ttrip-prod.iteriscloud.com/datasets/travelTime/travel_time_response.json,https://data.511-atis-ttrip-prod.iteriscloud.com/datasets/travelTime/travel_time_segments_metadata.json
VA_I-95_46.1-73,segment,N,I-95,I,from I-95 I-295 Exit46 (MM 46.1) to Maury St Exit73 (MM 73),64.56000000,25.00000000,25.00000000,26.90000000,open,1,0.0,366835775,,,,,,,2026-06-04T06:33:22+00:00,https://data.511-atis-ttrip-prod.iteriscloud.com/datasets/travelTime/travel_time_response.json,https://data.511-atis-ttrip-prod.iteriscloud.com/datasets/travelTime/travel_time_segments_metadata.json
VA_I-95_55.4-0.1,segment,S,I-95,I,from I-95 MM 55.4 to North Carolina State Line (MM 0.1),69.12000000,48.00000000,49.00000000,55.30000000,open,1,0.0,366861416,,,,,,,2026-06-04T06:33:22+00:00,https://data.511-atis-ttrip-prod.iteriscloud.com/datasets/travelTime/travel_time_response.json,https://data.511-atis-ttrip-prod.iteriscloud.com/datasets/travelTime/travel_time_segments_metadata.json
VA_I-85_69-0.1,segment,S,I-85,I,from I-85 Jct I-95 Petersburg (MM 69) to North Carolina State Line (MM 0.1),68.09000000,60.70000000,60.70000000,68.90000000,open,1,0.0,366887781,,,,,,,2026-06-04T06:33:22+00:00,https://data.511-atis-ttrip-prod.iteriscloud.com/datasets/travelTime/travel_time_response.json,https://data.511-atis-ttrip-prod.iteriscloud.com/datasets/travelTime/travel_time_segments_metadata.json
VA_I-95_66.5-51.6,segment,S,I-95,I,from I-95 MM 66.5 to Jct I-85 Petersburg (MM 51.6),63.86000000,14.00000000,14.00000000,14.90000000,open,1,0.0,366920579,,,,,,,2026-06-04T06:33:22+00:00,https://data.511-atis-ttrip-prod.iteriscloud.com/datasets/travelTime/travel_time_response.json,https://data.511-atis-ttrip-prod.iteriscloud.com/datasets/travelTime/travel_time_segments_metadata.json
VA_I-95_77.2-62.62,segment,S,I-95,I,from I-95 MM 77.2 to MM 62.62,62.14000000,14.00000000,14.00000000,14.50000000,open,1,0.0,366956855,,,,,,,2026-06-04T06:33:22+00:00,https://data.511-atis-ttrip-prod.iteriscloud.com/datasets/travelTime/travel_time_response.json,https://data.511-atis-ttrip-prod.iteriscloud.com/datasets/travelTime/travel_time_segments_metadata.json
VA_I-64_190.5-234.46,segment,E,I-64,I,from I-64 Jct I-95 Richmond (MM 190.5) to MM 234.46,60.67000000,43.40000000,38.60000000,43.90000000,open,1,0.0,366965646,,,,,,,2026-06-04T06:33:22+00:00,https://data.511-atis-ttrip-prod.iteriscloud.com/datasets/travelTime/travel_time_response.json,https://data.511-atis-ttrip-prod.iteriscloud.com/datasets/travelTime/travel_time_segments_metadata.json
VA_I-95_86.3-91.74,segment,N,I-95,I,from I-95 Rt656 Exit86 (MM 86.3) to VA-54E Exit92A (MM 91.74),64.80000000,5.00000000,5.00000000,5.40000000,open,1,0.0,366991489,,,,,,,2026-06-04T06:33:22+00:00,https://data.511-atis-ttrip-prod.iteriscloud.com/datasets/travelTime/travel_time_response.json,https://data.511-atis-ttrip-prod.iteriscloud.com/datasets/travelTime/travel_time_segments_metadata.json
VA_I-295_44.75-53.4,segment,N,I-295,I,from I-295 MM 44.75 to I-64 (MM 53.4),62.00000000,8.30000000,7.80000000,8.60000000,open,1,0.0,434161514,,,,,,,2026-06-04T06:33:22+00:00,https://data.511-atis-ttrip-prod.iteriscloud.com/datasets/travelTime/travel_time_response.json,https://data.511-atis-ttrip-prod.iteriscloud.com/datasets/travelTime/travel_time_segments_metadata.json
VA_I-295_43.1-29,segment,S,I-295,I,from I-295 Jct I-95 North Richmond (MM 43.1) to Junction Interstate 64 West-Exit 28D (MM 29),70.00000000,12.10000000,12.10000000,14.10000000,open,1,0.0,367006350,,,,,,,2026-06-04T06:33:22+00:00,https://data.511-atis-ttrip-prod.iteriscloud.com/datasets/travelTime/travel_time_response.json,https://data.511-atis-ttrip-prod.iteriscloud.com/datasets/travelTime/travel_time_segments_metadata.json
VA_I-95_75.6-91.74,segment,N,I-95,I,from I-95 Jct I-295 East Richmond (MM 75.6) to VA-54E Exit92A (MM 91.74),61.26000000,15.80000000,15.80000000,16.10000000,open,1,0.0,367036605,,,,,,,2026-06-04T06:33:22+00:00,https://data.511-atis-ttrip-prod.iteriscloud.com/datasets/travelTime/travel_time_response.json,https://data.511-atis-ttrip-prod.iteriscloud.com/datasets/travelTime/travel_time_segments_metadata.json
VA_I-64_194.3-178.85,segment,W,I-64,I,from I-64 Junction Virginia 33 East Exit 193B-Richmond (MM 194.3) to Junction US 250 West-Exit 178A (MM 178.85),57.75000000,16.00000000,16.00000000,15.40000000,open,1,0.0,367045894,,,,,,,2026-06-04T06:33:22+00:00,https://data.511-atis-ttrip-prod.iteriscloud.com/datasets/travelTime/travel_time_response.json,https://data.511-atis-ttrip-prod.iteriscloud.com/datasets/travelTime/travel_time_segments_metadata.json
VA_I-295_30.1-42.7,segment,N,I-295,I,from I-295 Jct I-64 East Richmond (MM 30.1) to boundary of HENRICO COUNTY LINE/HANOVER CL (MM 42.7),58.67000000,12.90000000,12.20000000,12.60000000,open,1,0.0,367054963,,,,,,,2026-06-04T06:33:22+00:00,https://data.511-atis-ttrip-prod.iteriscloud.com/datasets/travelTime/travel_time_response.json,https://data.511-atis-ttrip-prod.iteriscloud.com/datasets/travelTime/travel_time_segments_metadata.json
VA_I-77_0.5-24.1,segment,N,I-77,I,from I-77 North Carolina State Line (MM 0.5) to boundary of CARROLL CO/WYTHE CL (MM 24.1),60.77000000,23.30000000,21.80000000,23.60000000,open,1,0.0,423967690,,,,,,,2026-06-04T06:33:22+00:00,https://data.511-atis-ttrip-prod.iteriscloud.com/datasets/travelTime/travel_time_response.json,https://data.511-atis-ttrip-prod.iteriscloud.com/datasets/travelTime/travel_time_segments_metadata.json
VA_I-77_24.2-32,segment,N,I-77,I,from I-77 boundary of CARROLL CO/WYTHE CL (MM 24.2) to I-81 Exit32 (MM 32),60.48000000,7.70000000,0.00000000,7.80000000,open,0,0.0,10250891541,,,,,,,2026-06-04T06:33:22+00:00,https://data.511-atis-ttrip-prod.iteriscloud.com/datasets/travelTime/travel_time_response.json,https://data.511-atis-ttrip-prod.iteriscloud.com/datasets/travelTime/travel_time_segments_metadata.json
VA_I-66_66.1-70.87,segment,E,I-66,I,from I-66 VA-7 Exit66 (MM 66.1) to Fairfax Dr Exit71 (MM 70.87),56.40000000,5.00000000,5.00000000,4.70000000,open,1,0.0,425198235,,,,,,,2026-06-04T06:33:22+00:00,https://data.511-atis-ttrip-prod.iteriscloud.com/datasets/travelTime/travel_time_response.json,https://data.511-atis-ttrip-prod.iteriscloud.com/datasets/travelTime/travel_time_segments_metadata.json
VA_I-66_67.47-72.47,segment,E,I-66,I,from I-66 boundary of FAIRFAX - ARLINGTON CL (MM 67.47) to US-29/VA-124 Exit72 (MM 72.47),60.00000000,5.00000000,5.00000000,5.00000000,open,1,0.0,425198251,,,,,,,2026-06-04T06:33:22+00:00,https://data.511-atis-ttrip-prod.iteriscloud.com/datasets/travelTime/travel_time_response.json,https://data.511-atis-ttrip-prod.iteriscloud.com/datasets/travelTime/travel_time_segments_metadata.json
VA_I-66_72.47-74.77,segment,E,I-66,I,from I-66 US-29/VA-124 Exit72 (MM 72.47) to Jct US-50 at the Theodore Roosevelt Memorial Bridge (MM 74.77),63.00000000,2.10000000,2.60000000,2.20000000,open,1,0.0,425198292,,,,,,,2026-06-04T06:33:22+00:00,https://data.511-atis-ttrip-prod.iteriscloud.com/datasets/travelTime/travel_time_response.json,https://data.511-atis-ttrip-prod.iteriscloud.com/datasets/travelTime/travel_time_segments_metadata.json
VA_I-66_66.05-58.05,segment,W,I-66,I,from I-66 Junction Interstate 495 Exit 64-Merrifield (MM 66.05) to Junction US 50 East Exit 57A-Fairfax (MM 58.05),60.00000000,8.00000000,8.00000000,8.00000000,open,1,0.0,425198305,,,,,,,2026-06-04T06:33:22+00:00,https://data.511-atis-ttrip-prod.iteriscloud.com/datasets/travelTime/travel_time_response.json,https://data.511-atis-ttrip-prod.iteriscloud.com/datasets/travelTime/travel_time_segments_metadata.json
VA_I-495_34.2-43.2,segment,N,I-495,I,from I-495 MM 34.2 to GW Mem Pkwy Exit43 (MM 43.2),60.00000000,9.00000000,8.00000000,9.00000000,open,1,0.0,425198411,,,,,,,2026-06-04T06:33:22+00:00,https://data.511-atis-ttrip-prod.iteriscloud.com/datasets/travelTime/travel_time_response.json,https://data.511-atis-ttrip-prod.iteriscloud.com/datasets/travelTime/travel_time_segments_metadata.json
VA_I-66_74.86-65.57,segment,W,I-66,I,from I-66 Jct US-50 at the Theodore Roosevelt Memorial Bridge (MM 74.86) to Junction Interstate 495 Exit 64-Merrifield (MM 65.57),51.27000000,10.80000000,10.80000000,9.20000000,open,1,0.0,425198499,,,,,,,2026-06-04T06:33:22+00:00,https://data.511-atis-ttrip-prod.iteriscloud.com/datasets/travelTime/travel_time_response.json,https://data.511-atis-ttrip-prod.iteriscloud.com/datasets/travelTime/travel_time_segments_metadata.json
VA_I-66_47.28-40.64,segment,W,I-66,I,from I-66 Junction Virginia 234 South Exit 47-Manassas (MM 47.28) to boundary of HAYMARKET (MM 40.64),48.67000000,8.10000000,8.10000000,6.60000000,open,1,0.0,425198512,,,,,,,2026-06-04T06:33:22+00:00,https://data.511-atis-ttrip-prod.iteriscloud.com/datasets/travelTime/travel_time_response.json,https://data.511-atis-ttrip-prod.iteriscloud.com/datasets/travelTime/travel_time_segments_metadata.json
VA_I-495_0-25,segment,N,I-495,I,from I-495 MM 0 to MM 25,56.22000000,26.70000000,25.70000000,25.00000000,open,1,0.0,425198648,,,,,,,2026-06-04T06:33:22+00:00,https://data.511-atis-ttrip-prod.iteriscloud.com/datasets/travelTime/travel_time_response.json,https://data.511-atis-ttrip-prod.iteriscloud.com/datasets/travelTime/travel_time_segments_metadata.json
VA_I-495_50.2-44.6,segment,S,I-495,I,from I-495 Junction US 50-Exit 50A (MM 50.2) to MM 44.6,56.00000000,6.00000000,6.00000000,5.60000000,open,1,0.0,425198658,,,,,,,2026-06-04T06:33:22+00:00,https://data.511-atis-ttrip-prod.iteriscloud.com/datasets/travelTime/travel_time_response.json,https://data.511-atis-ttrip-prod.iteriscloud.com/datasets/travelTime/travel_time_segments_metadata.json
VA_I-95_159.9-170,segment,N,I-95,I,"from I-95 MM 159.9 to junction I-395N,Fairfax County (MM 170)",60.00000000,10.00000000,10.00000000,10.00000000,open,1,0.0,425198678,,,,,,,2026-06-04T06:33:22+00:00,https://data.511-atis-ttrip-prod.iteriscloud.com/datasets/travelTime/travel_time_response.json,https://data.511-atis-ttrip-prod.iteriscloud.com/datasets/travelTime/travel_time_segments_metadata.json
VA_I-395_2.9-0,segment,S,I-395,I,from I-395 MM 2.9 to Jct I-95 (MM 0),55.29000000,3.10000000,2.20000000,2.90000000,open,2,0.0,425198701,,,,,,,2026-06-04T06:33:22+00:00,https://data.511-atis-ttrip-prod.iteriscloud.com/datasets/travelTime/travel_time_response.json,https://data.511-atis-ttrip-prod.iteriscloud.com/datasets/travelTime/travel_time_segments_metadata.json
VA_I-95_170-160,segment,S,I-95,I,from I-95 Junction Interstate 395 Exit 169-Springfield (MM 170) to MM 160,55.29000000,10.90000000,9.80000000,10.00000000,open,1,0.0,425198704,,,,,,,2026-06-04T06:33:22+00:00,https://data.511-atis-ttrip-prod.iteriscloud.com/datasets/travelTime/travel_time_response.json,https://data.511-atis-ttrip-prod.iteriscloud.com/datasets/travelTime/travel_time_segments_metadata.json
VA_I-66_52.9-64.7,segment,E,I-66,I,from I-66 VA-28 Exit53 (MM 52.9) to Jct I-495 (MM 64.7),59.54000000,11.90000000,0.00000000,11.80000000,open,0,0.0,425198728,,,,,,,2026-06-04T06:33:22+00:00,https://data.511-atis-ttrip-prod.iteriscloud.com/datasets/travelTime/travel_time_response.json,https://data.511-atis-ttrip-prod.iteriscloud.com/datasets/travelTime/travel_time_segments_metadata.json
VA_I-66_58-64.7,segment,E,I-66,I,from I-66 US-50W Exit57B (MM 58) to Jct I-495 (MM 64.7),59.14000000,6.80000000,6.80000000,6.70000000,open,1,0.0,425198772,,,,,,,2026-06-04T06:33:22+00:00,https://data.511-atis-ttrip-prod.iteriscloud.com/datasets/travelTime/travel_time_response.json,https://data.511-atis-ttrip-prod.iteriscloud.com/datasets/travelTime/travel_time_segments_metadata.json
VA_I-66_58.2-43.2,segment,W,I-66,I,from I-66 Junction US 50 West Exit 57B-Fairfax (MM 58.2) to Junction US 29 South Exit 43A-Gainesville (MM 43.2),61.20000000,14.70000000,14.70000000,15.00000000,open,1,0.0,425198813,,,,,,,2026-06-04T06:33:22+00:00,https://data.511-atis-ttrip-prod.iteriscloud.com/datasets/travelTime/travel_time_response.json,https://data.511-atis-ttrip-prod.iteriscloud.com/datasets/travelTime/travel_time_segments_metadata.json
VA_I-66_42.1-53.1,segment,E,I-66,I,from I-66 MM 42.1 to VA-28 Exit53 (MM 53.1),66.00000000,10.00000000,0.00000000,11.00000000,open,0,0.0,425198823,,,,,,,2026-06-04T06:33:22+00:00,https://data.511-atis-ttrip-prod.iteriscloud.com/datasets/travelTime/travel_time_response.json,https://data.511-atis-ttrip-prod.iteriscloud.com/datasets/travelTime/travel_time_segments_metadata.json
VA_I-395_9.3-0,segment,S,I-395,I,from I-395 District of Columbia at the DC Line (MM 9.3) to Jct I-95 (MM 0),50.73000000,11.00000000,9.00000000,9.30000000,open,1,0.0,425198834,,,,,,,2026-06-04T06:33:22+00:00,https://data.511-atis-ttrip-prod.iteriscloud.com/datasets/travelTime/travel_time_response.json,https://data.511-atis-ttrip-prod.iteriscloud.com/datasets/travelTime/travel_time_segments_metadata.json
VA_I-66_62.8-74.77,segment,E,I-66,I,from I-66 boundary of VIENNA (MM 62.8) to Jct US-50 at the Theodore Roosevelt Memorial Bridge (MM 74.77),51.00000000,14.00000000,14.00000000,11.90000000,open,1,0.0,425198844,,,,,,,2026-06-04T06:33:22+00:00,https://data.511-atis-ttrip-prod.iteriscloud.com/datasets/travelTime/travel_time_response.json,https://data.511-atis-ttrip-prod.iteriscloud.com/datasets/travelTime/travel_time_segments_metadata.json
VA_I-95_145.42-130.65,segment,S,I-95,I,from I-95 MM 145.42 to Jct VA-3 Plank Road Fredericksburg (MM 130.65),58.80000000,15.00000000,14.00000000,14.70000000,open,1,0.0,425198866,,,,,,,2026-06-04T06:33:22+00:00,https://data.511-atis-ttrip-prod.iteriscloud.com/datasets/travelTime/travel_time_response.json,https://data.511-atis-ttrip-prod.iteriscloud.com/datasets/travelTime/travel_time_segments_metadata.json
VA_I-395_2.3-10.53,segment,N,I-395,I,from I-395 boundary of ALEXANDRIA (MM 2.3) to MM 10.53,54.67000000,9.00000000,10.00000000,8.20000000,open,1,0.0,425198876,,,,,,,2026-06-04T06:33:22+00:00,https://data.511-atis-ttrip-prod.iteriscloud.com/datasets/travelTime/travel_time_response.json,https://data.511-atis-ttrip-prod.iteriscloud.com/datasets/travelTime/travel_time_segments_metadata.json
VA_I-95_122.5-140.49,segment,N,I-95,I,from I-95 MM 122.5 to Rt630 Exit140 (MM 140.49),67.13000000,16.00000000,16.00000000,17.90000000,open,1,0.0,425198920,,,,,,,2026-06-04T06:33:22+00:00,https://data.511-atis-ttrip-prod.iteriscloud.com/datasets/travelTime/travel_time_response.json,https://data.511-atis-ttrip-prod.iteriscloud.com/datasets/travelTime/travel_time_segments_metadata.json
VA_I-95_135.15-152.8,segment,N,I-95,I,from I-95 MM 135.15 to MM 152.8,66.00000000,16.00000000,16.00000000,17.60000000,open,1,0.0,425198940,,,,,,,2026-06-04T06:33:22+00:00,https://data.511-atis-ttrip-prod.iteriscloud.com/datasets/travelTime/travel_time_response.json,https://data.511-atis-ttrip-prod.iteriscloud.com/datasets/travelTime/travel_time_segments_metadata.json
VA_I-95_122.72-92.3,segment,S,I-95,I,from I-95 MM 122.72 to Junction Virginia 54 East Exit 92-Ashland (MM 92.3),67.56000000,27.00000000,26.00000000,30.40000000,open,1,0.0,425198989,,,,,,,2026-06-04T06:33:22+00:00,https://data.511-atis-ttrip-prod.iteriscloud.com/datasets/travelTime/travel_time_response.json,https://data.511-atis-ttrip-prod.iteriscloud.com/datasets/travelTime/travel_time_segments_metadata.json
VA_I-95_152.19-160.1,segment,N,I-95,I,from I-95 MM 152.19 to VA-123S Exit160A (MM 160.1),53.40000000,8.90000000,9.80000000,7.90000000,open,1,0.0,425199093,,,,,,,2026-06-04T06:33:22+00:00,https://data.511-atis-ttrip-prod.iteriscloud.com/datasets/travelTime/travel_time_response.json,https://data.511-atis-ttrip-prod.iteriscloud.com/datasets/travelTime/travel_time_segments_metadata.json
VA_I-95_153.25-143.9,segment,S,I-95,I,"from I-95 junction I-95S,Prince William County (MM 153.25) to Junction County Road 610-Exit 143A (MM 143.9)",58.80000000,9.50000000,9.50000000,9.30000000,open,1,0.0,425199211,,,,,,,2026-06-04T06:33:22+00:00,https://data.511-atis-ttrip-prod.iteriscloud.com/datasets/travelTime/travel_time_response.json,https://data.511-atis-ttrip-prod.iteriscloud.com/datasets/travelTime/travel_time_segments_metadata.json
VA_I-95_164.1-153.2,segment,S,I-95,I,"from I-95 Junction Virginia 600 Exit 163-Lorton (MM 164.1) to junction I-95S,Prince William County (MM 153.2)",55.00000000,11.90000000,11.90000000,10.90000000,open,1,0.0,425199261,,,,,,,2026-06-04T06:33:22+00:00,https://data.511-atis-ttrip-prod.iteriscloud.com/datasets/travelTime/travel_time_response.json,https://data.511-atis-ttrip-prod.iteriscloud.com/datasets/travelTime/travel_time_segments_metadata.json
VA_I-395_0-1.2,segment,N,I-395,I,from I-395 Jct I-95 (MM 0) to Edsall Rd W Exit2B (MM 1.2),60.50000000,1.20000000,1.20000000,1.20000000,open,1,0.0,425199492,,,,,,,2026-06-04T06:33:22+00:00,https://data.511-atis-ttrip-prod.iteriscloud.com/datasets/travelTime/travel_time_response.json,https://data.511-atis-ttrip-prod.iteriscloud.com/datasets/travelTime/travel_time_segments_metadata.json
VA_I-495_57.75-49.4,segment,S,I-495,I,from I-495 Jct I-95 (MM 57.75) to Jct I-66 Custis Memorial Parkway (MM 49.4),59.20000000,8.40000000,8.40000000,8.30000000,open,1,0.0,425199555,,,,,,,2026-06-04T06:33:22+00:00,https://data.511-atis-ttrip-prod.iteriscloud.com/datasets/travelTime/travel_time_response.json,https://data.511-atis-ttrip-prod.iteriscloud.com/datasets/travelTime/travel_time_segments_metadata.json
VA_I-395_1.09-5.29,segment,N,I-395,I,from I-395 Edsall Rd E Exit2A (MM 1.09) to ALEXANDRIA - ARLINGTON COUNTY LINE (MM 5.29),64.80000000,3.90000000,3.90000000,4.20000000,open,1,0.0,425199585,,,,,,,2026-06-04T06:33:22+00:00,https://data.511-atis-ttrip-prod.iteriscloud.com/datasets/travelTime/travel_time_response.json,https://data.511-atis-ttrip-prod.iteriscloud.com/datasets/travelTime/travel_time_segments_metadata.json
VA_I-77_40-46.4,segment,N,I-77,I,from I-77 MM 40 to BLAND COUNTY LINE (MM 46.4),64.69000000,5.80000000,5.70000000,6.30000000,open,1,0.0,5888281989,,,,,,,2026-06-04T06:33:22+00:00,https://data.511-atis-ttrip-prod.iteriscloud.com/datasets/travelTime/travel_time_response.json,https://data.511-atis-ttrip-prod.iteriscloud.com/datasets/travelTime/travel_time_segments_metadata.json
VA_I-95_94.9-85.8,segment,S,I-95,I,from I-95 MM 94.9 to Junction Interstate 295 South Exit 84A-Glen Allen (MM 85.8),64.60000000,8.50000000,8.40000000,9.10000000,open,1,0.0,834668553,,,,,,,2026-06-04T06:33:22+00:00,https://data.511-atis-ttrip-prod.iteriscloud.com/datasets/travelTime/travel_time_response.json,https://data.511-atis-ttrip-prod.iteriscloud.com/datasets/travelTime/travel_time_segments_metadata.json
VA_I-295_30.1-53.3,segment,N,I-295,I,from I-295 Jct I-64 East Richmond (MM 30.1) to I-64 (MM 53.3),61.03000000,22.70000000,21.10000000,23.10000000,open,1,0.0,840152611,,,,,,,2026-06-04T06:33:22+00:00,https://data.511-atis-ttrip-prod.iteriscloud.com/datasets/travelTime/travel_time_response.json,https://data.511-atis-ttrip-prod.iteriscloud.com/datasets/travelTime/travel_time_segments_metadata.json
VA_I-64_300.3-284.8,segment,W,I-64,I,from I-64 Interstate 264/664 - Exit 299A -Chesapeake (MM 300.3) to Interstate 264 East - Exit 284B-Norfolk (MM 284.8),60.76000000,15.30000000,15.30000000,15.50000000,open,1,0.0,7917177118,,,,,,,2026-06-04T06:33:22+00:00,https://data.511-atis-ttrip-prod.iteriscloud.com/datasets/travelTime/travel_time_response.json,https://data.511-atis-ttrip-prod.iteriscloud.com/datasets/travelTime/travel_time_segments_metadata.json
VA_I-64_264.04-263.73,segment,W,I-64,I,from I-64 Jct I-664 Hampton (MM 264.04) to Mercury Boulevard - James River Bridge - Exit 263A - Hampton (MM 263.73),60.52000000,0.30000000,0.30000000,0.30000000,open,1,0.0,842706589,,,,,,,2026-06-04T06:33:22+00:00,https://data.511-atis-ttrip-prod.iteriscloud.com/datasets/travelTime/travel_time_response.json,https://data.511-atis-ttrip-prod.iteriscloud.com/datasets/travelTime/travel_time_segments_metadata.json
VA_I-264_24.4-13,segment,W,I-264,I,from I-264 MM 24.4 to Jct I-64 Hampton Roads Beltway Norfolk (MM 13),43.59000000,15.60000000,15.40000000,11.30000000,open,1,0.0,840686331,,,,,,,2026-06-04T06:33:22+00:00,https://data.511-atis-ttrip-prod.iteriscloud.com/datasets/travelTime/travel_time_response.json,https://data.511-atis-ttrip-prod.iteriscloud.com/datasets/travelTime/travel_time_segments_metadata.json
VA_I-664_19.57-20.84,segment,N,I-664,I,from I-664 US-13/58/460 Exit13 (MM 19.57) to MM 20.84,43.59000000,1.70000000,1.60000000,1.20000000,open,1,0.0,4510230708,,,,,,,2026-06-04T06:33:22+00:00,https://data.511-atis-ttrip-prod.iteriscloud.com/datasets/travelTime/travel_time_response.json,https://data.511-atis-ttrip-prod.iteriscloud.com/datasets/travelTime/travel_time_segments_metadata.json
VA_I-64_264.65-201.8,segment,W,I-64,I,from I-64 Jct I-664 Hampton (MM 264.65) to Jct I-295 East Richmond (MM 201.8),52.63000000,71.60000000,70.90000000,62.80000000,open,1,0.0,7331838809,,,,,,,2026-06-04T06:33:22+00:00,https://data.511-atis-ttrip-prod.iteriscloud.com/datasets/travelTime/travel_time_response.json,https://data.511-atis-ttrip-prod.iteriscloud.com/datasets/travelTime/travel_time_segments_metadata.json
VA_I-264_13.2-25.8,segment,E,I-264,I,from I-264 Jct I-64 Hampton Roads Beltway Norfolk (MM 13.2) to MM 25.8,61.49000000,12.30000000,11.60000000,12.60000000,open,1,0.0,840734983,,,,,,,2026-06-04T06:33:22+00:00,https://data.511-atis-ttrip-prod.iteriscloud.com/datasets/travelTime/travel_time_response.json,https://data.511-atis-ttrip-prod.iteriscloud.com/datasets/travelTime/travel_time_segments_metadata.json
VA_I-295_40.8-3.1,segment,S,I-295,I,from I-295 Junction US 301 North and Virginia 2 North-Exit 41A (MM 40.8) to Junction US 460 East Exit 3A-Petersburg (MM 3.1),57.32000000,39.40000000,39.60000000,37.60000000,open,1,0.0,842817635,,,,,,,2026-06-04T06:33:22+00:00,https://data.511-atis-ttrip-prod.iteriscloud.com/datasets/travelTime/travel_time_response.json,https://data.511-atis-ttrip-prod.iteriscloud.com/datasets/travelTime/travel_time_segments_metadata.json
VA_I-295_36.5-29.5,segment,S,I-295,I,from I-295 MM 36.5 to Junction Interstate 64 West-Exit 28D (MM 29.5),61.35000000,6.80000000,6.20000000,7.00000000,open,1,0.0,842840288,,,,,,,2026-06-04T06:33:22+00:00,https://data.511-atis-ttrip-prod.iteriscloud.com/datasets/travelTime/travel_time_response.json,https://data.511-atis-ttrip-prod.iteriscloud.com/datasets/travelTime/travel_time_segments_metadata.json
VA_I-64_237-231.6,segment,W,I-64,I,from I-64 MM 237 to Norge/Toano - Exit 231A  (MM 231.6),54.45000000,6.00000000,5.80000000,5.40000000,open,1,0.0,842897503,,,,,,,2026-06-04T06:33:22+00:00,https://data.511-atis-ttrip-prod.iteriscloud.com/datasets/travelTime/travel_time_response.json,https://data.511-atis-ttrip-prod.iteriscloud.com/datasets/travelTime/travel_time_segments_metadata.json
VA_I-295_3.2-29.2,segment,N,I-295,I,from I-295 US-460W Exit3B (MM 3.2) to MM 29.2,56.50000000,27.60000000,27.40000000,26.00000000,open,1,0.0,949703249,,,,,,,2026-06-04T06:33:22+00:00,https://data.511-atis-ttrip-prod.iteriscloud.com/datasets/travelTime/travel_time_response.json,https://data.511-atis-ttrip-prod.iteriscloud.com/datasets/travelTime/travel_time_segments_metadata.json
VA_I-264_1.2-6.7,segment,E,I-264,I,from I-264 Jct I-64 and I-664 Chesapeake (MM 1.2) to boundary of NORFOLK (MM 6.7),55.00000000,6.00000000,6.00000000,5.50000000,open,1,0.0,949273675,,,,,,,2026-06-04T06:33:22+00:00,https://data.511-atis-ttrip-prod.iteriscloud.com/datasets/travelTime/travel_time_response.json,https://data.511-atis-ttrip-prod.iteriscloud.com/datasets/travelTime/travel_time_segments_metadata.json
VA_I-264_5.1-12.9,segment,E,I-264,I,from I-264 MLK Expy Exit6 (MM 5.1) to Jct I-64 Hampton Roads Beltway Norfolk (MM 12.9),58.50000000,8.00000000,8.00000000,7.80000000,open,1,0.0,949287786,,,,,,,2026-06-04T06:33:22+00:00,https://data.511-atis-ttrip-prod.iteriscloud.com/datasets/travelTime/travel_time_response.json,https://data.511-atis-ttrip-prod.iteriscloud.com/datasets/travelTime/travel_time_segments_metadata.json
VA_I-64_284.3-277.2,segment,W,I-64,I,from I-64 Jct I-264 Norfolk (MM 284.3) to Granby Street - Exit 276A-Norfolk (MM 277.2),57.86000000,7.40000000,7.90000000,7.10000000,open,1,0.0,949356601,,,,,,,2026-06-04T06:33:22+00:00,https://data.511-atis-ttrip-prod.iteriscloud.com/datasets/travelTime/travel_time_response.json,https://data.511-atis-ttrip-prod.iteriscloud.com/datasets/travelTime/travel_time_segments_metadata.json
VA_I-464_0.4-5.5,segment,N,I-464,I,from I-464 Jct I-64 Chesapeake (MM 0.4) to Jct I-264 Norfolk at The Berkley Bridge (MM 5.5),61.20000000,5.00000000,6.00000000,5.10000000,open,1,0.0,949375430,,,,,,,2026-06-04T06:33:22+00:00,https://data.511-atis-ttrip-prod.iteriscloud.com/datasets/travelTime/travel_time_response.json,https://data.511-atis-ttrip-prod.iteriscloud.com/datasets/travelTime/travel_time_segments_metadata.json
VA_I-64_232.9-254.9,segment,E,I-64,I,from I-64 boundary of JAMES CITY - YORK CL (MM 232.9) to Jefferson Ave Exit255 (MM 254.9),66.00000000,20.00000000,20.00000000,22.00000000,open,1,0.0,949401490,,,,,,,2026-06-04T06:33:22+00:00,https://data.511-atis-ttrip-prod.iteriscloud.com/datasets/travelTime/travel_time_response.json,https://data.511-atis-ttrip-prod.iteriscloud.com/datasets/travelTime/travel_time_segments_metadata.json
VA_I-64_283-291.7,segment,E,I-64,I,from I-64 MM 283 to I-464N Exit291A (MM 291.7),64.50000000,8.00000000,9.00000000,8.60000000,open,1,0.0,949413144,,,,,,,2026-06-04T06:33:22+00:00,https://data.511-atis-ttrip-prod.iteriscloud.com/datasets/travelTime/travel_time_response.json,https://data.511-atis-ttrip-prod.iteriscloud.com/datasets/travelTime/travel_time_segments_metadata.json
VA_I-64_277.9-272.4,segment,W,I-64,I,from I-64 Little Creek Road - Exit 276C-Norfolk (MM 277.9) to boundary of HAMPTON- NORFOLK(ELIZABETH CITY-NORFOLK CL) (MM 272.4),50.00000000,6.60000000,6.60000000,5.50000000,open,1,0.0,949602994,,,,,,,2026-06-04T06:33:22+00:00,https://data.511-atis-ttrip-prod.iteriscloud.com/datasets/travelTime/travel_time_response.json,https://data.511-atis-ttrip-prod.iteriscloud.com/datasets/travelTime/travel_time_segments_metadata.json
VA_I-64_259.9-242.6,segment,W,I-64,I,from I-64 boundary of NEWPORT NEWS- HAMPTON(WARWICK-ELIZABETH CL) (MM 259.9) to Williamsburg / Virginia 199 West - Exit 242A (MM 242.6),64.50000000,16.00000000,15.00000000,17.20000000,open,1,0.0,949488506,,,,,,,2026-06-04T06:33:22+00:00,https://data.511-atis-ttrip-prod.iteriscloud.com/datasets/travelTime/travel_time_response.json,https://data.511-atis-ttrip-prod.iteriscloud.com/datasets/travelTime/travel_time_segments_metadata.json
VA_I-664_13-11,segment,N,I-664,I,from I-664 Jct VA-164 Western Freeway including The Monitor Merrimac Bridge Tunnel (MM 13) to MM 11,60.00000000,2.00000000,2.00000000,2.00000000,open,1,0.0,949509209,,,,,,,2026-06-04T06:33:22+00:00,https://data.511-atis-ttrip-prod.iteriscloud.com/datasets/travelTime/travel_time_response.json,https://data.511-atis-ttrip-prod.iteriscloud.com/datasets/travelTime/travel_time_segments_metadata.json
VA_I-664_0-6.5,segment,S,I-664,I,from I-664 Jct I-64 Hampton (MM 0) to MM 6.5,60.86000000,6.40000000,6.40000000,6.50000000,open,1,0.0,949546431,,,,,,,2026-06-04T06:33:22+00:00,https://data.511-atis-ttrip-prod.iteriscloud.com/datasets/travelTime/travel_time_response.json,https://data.511-atis-ttrip-prod.iteriscloud.com/datasets/travelTime/travel_time_segments_metadata.json
VA_I-264_13-7.2,segment,W,I-264,I,from I-264 Jct I-64 Hampton Roads Beltway Norfolk (MM 13) to Jct I-464 including The Downtown Tunnel (MM 7.2),62.18000000,5.60000000,5.60000000,5.80000000,open,1,0.0,949613751,,,,,,,2026-06-04T06:33:22+00:00,https://data.511-atis-ttrip-prod.iteriscloud.com/datasets/travelTime/travel_time_response.json,https://data.511-atis-ttrip-prod.iteriscloud.com/datasets/travelTime/travel_time_segments_metadata.json
VA_I-64_271.5-276.4,segment,E,I-64,I,from I-64 Bayville St Exit272 (MM 271.5) to I-564 Exit276 (MM 276.4),49.29000000,5.80000000,5.40000000,4.80000000,open,1,0.0,949594789,,,,,,,2026-06-04T06:33:22+00:00,https://data.511-atis-ttrip-prod.iteriscloud.com/datasets/travelTime/travel_time_response.json,https://data.511-atis-ttrip-prod.iteriscloud.com/datasets/travelTime/travel_time_segments_metadata.json
VA_I-64_272.3-265.3,segment,W,I-64,I,from I-64 boundary of HAMPTON- NORFOLK(ELIZABETH CITY-NORFOLK CL) (MM 272.3) to Interstate 664 - Exit 264 - Hampton (MM 265.3),47.50000000,8.80000000,8.10000000,7.00000000,open,1,0.0,949609854,,,,,,,2026-06-04T06:33:22+00:00,https://data.511-atis-ttrip-prod.iteriscloud.com/datasets/travelTime/travel_time_response.json,https://data.511-atis-ttrip-prod.iteriscloud.com/datasets/travelTime/travel_time_segments_metadata.json
VA_I-664_8.8-3.2,segment,N,I-664,I,from I-664 boundary of NEWPORT NEWS - SUFFOLK (MM 8.8) to boundary of HAMPTON- NEWPORT (MM 3.2),61.00000000,5.50000000,5.50000000,5.60000000,open,1,0.0,949631721,,,,,,,2026-06-04T06:33:22+00:00,https://data.511-atis-ttrip-prod.iteriscloud.com/datasets/travelTime/travel_time_response.json,https://data.511-atis-ttrip-prod.iteriscloud.com/datasets/travelTime/travel_time_segments_metadata.json
VA_I-64_264.2-268.2,segment,E,I-64,I,from I-64 Jct I-664 Hampton (MM 264.2) to MM 268.2,52.80000000,4.50000000,4.50000000,4.00000000,open,1,0.0,949650189,,,,,,,2026-06-04T06:33:22+00:00,https://data.511-atis-ttrip-prod.iteriscloud.com/datasets/travelTime/travel_time_response.json,https://data.511-atis-ttrip-prod.iteriscloud.com/datasets/travelTime/travel_time_segments_metadata.json
VA_I-64_264.4-250.8,segment,W,I-64,I,from I-64 Jct I-664 Hampton (MM 264.4) to Fort Eustis Boulevard - Exit 250B - Newport News (MM 250.8),59.57000000,13.60000000,13.60000000,13.50000000,open,1,0.0,949653407,,,,,,,2026-06-04T06:33:22+00:00,https://data.511-atis-ttrip-prod.iteriscloud.com/datasets/travelTime/travel_time_response.json,https://data.511-atis-ttrip-prod.iteriscloud.com/datasets/travelTime/travel_time_segments_metadata.json
VA_I-264_0.1-6.6,segment,E,I-264,I,from I-264 Interstate 64/664 Exit1 (MM 0.1) to boundary of NORFOLK (MM 6.6),57.00000000,6.80000000,6.80000000,6.50000000,open,1,0.0,949664428,,,,,,,2026-06-04T06:33:22+00:00,https://data.511-atis-ttrip-prod.iteriscloud.com/datasets/travelTime/travel_time_response.json,https://data.511-atis-ttrip-prod.iteriscloud.com/datasets/travelTime/travel_time_segments_metadata.json
VA_I-64_300.7-294.5,segment,W,I-64,I,from I-64 Interstate 264/664 - Exit 299A -Chesapeake (MM 300.7) to MM 294.5,56.31000000,6.50000000,6.50000000,6.10000000,open,1,0.0,949670373,,,,,,,2026-06-04T06:33:22+00:00,https://data.511-atis-ttrip-prod.iteriscloud.com/datasets/travelTime/travel_time_response.json,https://data.511-atis-ttrip-prod.iteriscloud.com/datasets/travelTime/travel_time_segments_metadata.json
VA_I-664_8.7-14.1,segment,S,I-664,I,from I-664 boundary of NEWPORT NEWS - SUFFOLK (MM 8.7) to boundary of SUFFOLK - CHESAPEAKE (MM 14.1),59.10000000,5.50000000,0.00000000,5.40000000,open,0,0.0,949688261,,,,,,,2026-06-04T06:33:22+00:00,https://data.511-atis-ttrip-prod.iteriscloud.com/datasets/travelTime/travel_time_response.json,https://data.511-atis-ttrip-prod.iteriscloud.com/datasets/travelTime/travel_time_segments_metadata.json
VA_I-664_14.2-20.6,segment,S,I-664,I,from I-664 Pughsville Road Exit 10-Chesapeake (MM 14.2) to Interstate 264-Chesapeake (MM 20.6),59.10000000,6.50000000,0.00000000,6.40000000,open,0,0.0,949689125,,,,,,,2026-06-04T06:33:22+00:00,https://data.511-atis-ttrip-prod.iteriscloud.com/datasets/travelTime/travel_time_response.json,https://data.511-atis-ttrip-prod.iteriscloud.com/datasets/travelTime/travel_time_segments_metadata.json
VA_I-495_42.3-45.3,segment,N,I-495,I,from I-495 Maryland State Line at the American Legion Memorial Bridge (MM 42.3) to Jct VA-267 Dulles Toll Road (MM 45.3),40.00000000,4.50000000,3.80000000,3.00000000,open,1,0.0,1412273250,,,,,,,2026-06-04T06:33:22+00:00,https://data.511-atis-ttrip-prod.iteriscloud.com/datasets/travelTime/travel_time_response.json,https://data.511-atis-ttrip-prod.iteriscloud.com/datasets/travelTime/travel_time_segments_metadata.json
VA_I-64_97-118,segment,E,I-64,I,from I-64 boundary of WAYNESBORO (MM 97) to Jct US-29 Charlottesville (MM 118),66.32000000,19.00000000,18.00000000,21.00000000,open,1,0.0,1898424011,,,,,,,2026-06-04T06:33:22+00:00,https://data.511-atis-ttrip-prod.iteriscloud.com/datasets/travelTime/travel_time_response.json,https://data.511-atis-ttrip-prod.iteriscloud.com/datasets/travelTime/travel_time_segments_metadata.json
VA_I-66_26.8-64,segment,E,I-66,I,from I-66 US-17/VA-55 Exit27 (MM 26.8) to I-495S Exit64A (MM 64),65.65000000,34.00000000,34.00000000,37.20000000,open,1,0.0,1898433405,,,,,,,2026-06-04T06:33:22+00:00,https://data.511-atis-ttrip-prod.iteriscloud.com/datasets/travelTime/travel_time_response.json,https://data.511-atis-ttrip-prod.iteriscloud.com/datasets/travelTime/travel_time_segments_metadata.json
VA_I-66_35.8-0.5,segment,W,I-66,I,from I-66 MM 35.8 to Jct I-81 (MM 0.5),66.19000000,32.00000000,31.00000000,35.30000000,open,1,0.0,1898442956,,,,,,,2026-06-04T06:33:22+00:00,https://data.511-atis-ttrip-prod.iteriscloud.com/datasets/travelTime/travel_time_response.json,https://data.511-atis-ttrip-prod.iteriscloud.com/datasets/travelTime/travel_time_segments_metadata.json
VA_I-395_8.7-9.7,segment,N,I-395,I,from I-395 Jct I-95 (MM 8.7) to District of Columbia at the DC Line (MM 9.7),30.00000000,2.00000000,2.00000000,1.00000000,open,1,0.0,2803961197,,,,,,,2026-06-04T06:33:22+00:00,https://data.511-atis-ttrip-prod.iteriscloud.com/datasets/travelTime/travel_time_response.json,https://data.511-atis-ttrip-prod.iteriscloud.com/datasets/travelTime/travel_time_segments_metadata.json
VA_I-95_136.4-119,segment,S,I-95,I,from I-95 MM 136.4 to Junction County Road 606-Exit 118 (MM 119),65.25000000,16.00000000,15.00000000,17.40000000,open,1,0.0,4367173686,,,,,,,2026-06-04T06:33:22+00:00,https://data.511-atis-ttrip-prod.iteriscloud.com/datasets/travelTime/travel_time_response.json,https://data.511-atis-ttrip-prod.iteriscloud.com/datasets/travelTime/travel_time_segments_metadata.json
VA_I-81_173.9-191,segment,N,I-81,I,from I-81 boundary of BOTETOURT - ROCKBRIDGE CO LINE (MM 173.9) to I-64 Exit191 (MM 191),62.04000000,16.40000000,0.00000000,17.00000000,open,0,0.0,10250755936,,,,,,,2026-06-04T06:33:22+00:00,https://data.511-atis-ttrip-prod.iteriscloud.com/datasets/travelTime/travel_time_response.json,https://data.511-atis-ttrip-prod.iteriscloud.com/datasets/travelTime/travel_time_segments_metadata.json
VA_I-495_56.65-42.3,segment,N,I-495,I,from I-495 MM 56.65 to Maryland State Line at the American Legion Memorial Bridge (MM 42.3),55.50000000,15.50000000,14.50000000,14.30000000,open,1,0.0,6418776630,,,,,,,2026-06-04T06:33:22+00:00,https://data.511-atis-ttrip-prod.iteriscloud.com/datasets/travelTime/travel_time_response.json,https://data.511-atis-ttrip-prod.iteriscloud.com/datasets/travelTime/travel_time_segments_metadata.json
VA_I-95_170.6-178.1,segment,N,I-95,I,from I-95 MM 170.6 to District of Columbia at the Woodrow Wilson Memorial Bridge (MM 178.1),60.75000000,7.40000000,7.40000000,7.50000000,open,1,0.0,6419051869,,,,,,,2026-06-04T06:33:22+00:00,https://data.511-atis-ttrip-prod.iteriscloud.com/datasets/travelTime/travel_time_response.json,https://data.511-atis-ttrip-prod.iteriscloud.com/datasets/travelTime/travel_time_segments_metadata.json
VA_I-95_176-170.5,segment,S,I-95,I,from I-95 Junction Virginia 241 North Exit 175B-Springfield (MM 176) to MM 170.5,48.86000000,6.80000000,6.80000000,5.50000000,open,1,0.0,6422412349,,,,,,,2026-06-04T06:33:22+00:00,https://data.511-atis-ttrip-prod.iteriscloud.com/datasets/travelTime/travel_time_response.json,https://data.511-atis-ttrip-prod.iteriscloud.com/datasets/travelTime/travel_time_segments_metadata.json
VA_I-664_13.7-7.84,segment,N,I-664,I,from I-664 US-17S/VA-164E Exit 9B (MM 13.7) to MM 7.84,48.00000000,7.30000000,7.30000000,5.80000000,open,1,0.0,7483711600,,,,,,,2026-06-04T06:33:22+00:00,https://data.511-atis-ttrip-prod.iteriscloud.com/datasets/travelTime/travel_time_response.json,https://data.511-atis-ttrip-prod.iteriscloud.com/datasets/travelTime/travel_time_segments_metadata.json
VA_I-64_249.22-264,segment,E,I-64,I,from I-64 MM 249.22 to Jct I-664 Hampton (MM 264),60.55000000,14.60000000,13.90000000,14.70000000,open,1,0.0,7667032318,,,,,,,2026-06-04T06:33:22+00:00,https://data.511-atis-ttrip-prod.iteriscloud.com/datasets/travelTime/travel_time_response.json,https://data.511-atis-ttrip-prod.iteriscloud.com/datasets/travelTime/travel_time_segments_metadata.json
VA_I-664_4.45-8,segment,S,I-664,I,from I-664 Twenty-Sixth Street and Twenty-Seventh Street Exit 6-Newport News (MM 4.45) to MM 8,52.50000000,4.00000000,4.00000000,3.50000000,open,1,0.0,7823879225,,,,,,,2026-06-04T06:33:22+00:00,https://data.511-atis-ttrip-prod.iteriscloud.com/datasets/travelTime/travel_time_response.json,https://data.511-atis-ttrip-prod.iteriscloud.com/datasets/travelTime/travel_time_segments_metadata.json
VA_I-464_3.4-5.8,segment,N,I-464,I,from I-464 Poindexter St Exit4A (MM 3.4) to Jct I-264 Norfolk at The Berkley Bridge (MM 5.8),59.73000000,2.40000000,2.40000000,2.40000000,open,1,0.0,7825177143,,,,,,,2026-06-04T06:33:22+00:00,https://data.511-atis-ttrip-prod.iteriscloud.com/datasets/travelTime/travel_time_response.json,https://data.511-atis-ttrip-prod.iteriscloud.com/datasets/travelTime/travel_time_segments_metadata.json
VA_I-264_7.5-0.44,segment,W,I-264,I,from I-264 Jct I-464 including The Downtown Tunnel (MM 7.5) to Jct I-64 and I-664 Chesapeake (MM 0.44),59.73000000,7.00000000,7.00000000,7.00000000,open,1,0.0,7825178182,,,,,,,2026-06-04T06:33:22+00:00,https://data.511-atis-ttrip-prod.iteriscloud.com/datasets/travelTime/travel_time_response.json,https://data.511-atis-ttrip-prod.iteriscloud.com/datasets/travelTime/travel_time_segments_metadata.json
VA_I-64_282.2-283.9,segment,E,I-64,I,from I-64 Northampton Blvd US-13 Exit282 (MM 282.2) to Jct I-264 Norfolk (MM 283.9),57.00000000,1.70000000,1.70000000,1.60000000,open,1,0.0,7826375830,,,,,,,2026-06-04T06:33:22+00:00,https://data.511-atis-ttrip-prod.iteriscloud.com/datasets/travelTime/travel_time_response.json,https://data.511-atis-ttrip-prod.iteriscloud.com/datasets/travelTime/travel_time_segments_metadata.json
VA_I-264 Dist/Coll at mp13_0.67-1,segment,E,I-264 Dist/Coll at mp13,I,from I-264 Dist/Coll at mp13 MM 0.67 to MM 1,54.00000000,0.30000000,0.30000000,0.30000000,open,1,0.0,7828767626,,,,,,,2026-06-04T06:33:22+00:00,https://data.511-atis-ttrip-prod.iteriscloud.com/datasets/travelTime/travel_time_response.json,https://data.511-atis-ttrip-prod.iteriscloud.com/datasets/travelTime/travel_time_segments_metadata.json
VA_I-264_10.3-12.9,segment,E,I-264,I,from I-264 MM 10.3 to Jct I-64 Hampton Roads Beltway Norfolk (MM 12.9),65.14000000,2.30000000,2.30000000,2.50000000,open,1,0.0,7829415434,,,,,,,2026-06-04T06:33:22+00:00,https://data.511-atis-ttrip-prod.iteriscloud.com/datasets/travelTime/travel_time_response.json,https://data.511-atis-ttrip-prod.iteriscloud.com/datasets/travelTime/travel_time_segments_metadata.json
VA_I-564_2.6-0,segment,E,I-564,I,from I-564 Naval Station Norfolk (MM 2.6) to Jct I-64 Hampton Roads Beltway (MM 0),55.95000000,2.80000000,2.70000000,2.60000000,open,1,0.0,7836610481,,,,,,,2026-06-04T06:33:22+00:00,https://data.511-atis-ttrip-prod.iteriscloud.com/datasets/travelTime/travel_time_response.json,https://data.511-atis-ttrip-prod.iteriscloud.com/datasets/travelTime/travel_time_segments_metadata.json
VA_I-664_19.2-7.84,segment,N,I-664,I,"from I-664 junction US-58,City of Chesapeake (MM 19.2) to MM 7.84",56.50000000,12.00000000,13.00000000,11.30000000,open,1,0.0,7834129233,,,,,,,2026-06-04T06:33:22+00:00,https://data.511-atis-ttrip-prod.iteriscloud.com/datasets/travelTime/travel_time_response.json,https://data.511-atis-ttrip-prod.iteriscloud.com/datasets/travelTime/travel_time_segments_metadata.json
VA_I-64_296.2-299.7,segment,E,I-64,I,"from I-64 junction US-17N,City of Chesapeake (MM 296.2) to I-264/664 Exit 299A (MM 299.7)",59.63000000,3.50000000,3.50000000,3.50000000,open,1,0.0,7834506125,,,,,,,2026-06-04T06:33:22+00:00,https://data.511-atis-ttrip-prod.iteriscloud.com/datasets/travelTime/travel_time_response.json,https://data.511-atis-ttrip-prod.iteriscloud.com/datasets/travelTime/travel_time_segments_metadata.json
VA_I-564_2.62-0.34,segment,W,I-564,I,from I-564 Naval Station Norfolk (MM 2.62) to Jct I-64 Hampton Roads Beltway (MM 0.34),47.45000000,2.80000000,3.00000000,2.20000000,open,1,0.0,7836098824,,,,,,,2026-06-04T06:33:22+00:00,https://data.511-atis-ttrip-prod.iteriscloud.com/datasets/travelTime/travel_time_response.json,https://data.511-atis-ttrip-prod.iteriscloud.com/datasets/travelTime/travel_time_segments_metadata.json
VA_I-64_276.9-283.9,segment,E,I-64,I,"from I-64 junction I-564,City of Norfolk (MM 276.9) to Jct I-264 Norfolk (MM 283.9)",55.78000000,7.50000000,7.30000000,7.00000000,open,1,0.0,7836130947,,,,,,,2026-06-04T06:33:22+00:00,https://data.511-atis-ttrip-prod.iteriscloud.com/datasets/travelTime/travel_time_response.json,https://data.511-atis-ttrip-prod.iteriscloud.com/datasets/travelTime/travel_time_segments_metadata.json
VA_I-664_1.5-0.4,segment,N,I-664,I,from I-664 Powhatan Pkwy Exit2 (MM 1.5) to Jct I-64 Hampton (MM 0.4),52.67000000,1.30000000,1.10000000,1.10000000,open,1,0.0,7836889194,,,,,,,2026-06-04T06:33:22+00:00,https://data.511-atis-ttrip-prod.iteriscloud.com/datasets/travelTime/travel_time_response.json,https://data.511-atis-ttrip-prod.iteriscloud.com/datasets/travelTime/travel_time_segments_metadata.json
VA_I-664_2.7-0.4,segment,N,I-664,I,from I-664 Aberdeen Rd Exit3 (MM 2.7) to Jct I-64 Hampton (MM 0.4),54.60000000,2.50000000,2.50000000,2.30000000,open,1,0.0,7837121232,,,,,,,2026-06-04T06:33:22+00:00,https://data.511-atis-ttrip-prod.iteriscloud.com/datasets/travelTime/travel_time_response.json,https://data.511-atis-ttrip-prod.iteriscloud.com/datasets/travelTime/travel_time_segments_metadata.json
VA_I-64_265.44-264.9,segment,W,I-64,I,"from I-64 junction VA-134,City of Hampton (MM 265.44) to junction I-664N,City of Hampton (MM 264.9)",60.00000000,0.50000000,0.50000000,0.50000000,open,1,0.0,7837814881,,,,,,,2026-06-04T06:33:22+00:00,https://data.511-atis-ttrip-prod.iteriscloud.com/datasets/travelTime/travel_time_response.json,https://data.511-atis-ttrip-prod.iteriscloud.com/datasets/travelTime/travel_time_segments_metadata.json
VA_I-664_5.19-8,segment,S,I-664,I,from I-664 MM 5.19 to MM 8,36.60000000,4.60000000,5.00000000,2.80000000,open,1,0.0,7838574453,,,,,,,2026-06-04T06:33:22+00:00,https://data.511-atis-ttrip-prod.iteriscloud.com/datasets/travelTime/travel_time_response.json,https://data.511-atis-ttrip-prod.iteriscloud.com/datasets/travelTime/travel_time_segments_metadata.json
VA_I-85_22.3-69,segment,N,I-85,I,from I-85 MM 22.3 to Jct I-95 Petersburg (MM 69),70.05000000,40.00000000,48.00000000,46.70000000,open,1,0.0,7965273978,,,,,,,2026-06-04T06:33:22+00:00,https://data.511-atis-ttrip-prod.iteriscloud.com/datasets/travelTime/travel_time_response.json,https://data.511-atis-ttrip-prod.iteriscloud.com/datasets/travelTime/travel_time_segments_metadata.json
VA_I-64_282.2-270.5,segment,W,I-64,I,from I-64 MM 282.2 to MM 270.5,58.00000000,12.00000000,0.00000000,11.60000000,open,0,0.0,9223296860,,,,,,,2026-06-04T06:33:22+00:00,https://data.511-atis-ttrip-prod.iteriscloud.com/datasets/travelTime/travel_time_response.json,https://data.511-atis-ttrip-prod.iteriscloud.com/datasets/travelTime/travel_time_segments_metadata.json
VA_Rt. 3000 (Prince William County)_10-14.83,j_segment,E,Rt. 3000E (Prince William County),R,from Rt. 3000 (Prince William County) MM 10 to MM 14.83,53.05000000,5.40000000,5.40000000,4.80000000,open,1,0.0,1754565584,,,,,,,2026-06-04T06:33:22+00:00,https://data.511-atis-ttrip-prod.iteriscloud.com/datasets/travelTime/travel_time_response.json,https://data.511-atis-ttrip-prod.iteriscloud.com/datasets/travelTime/travel_time_segments_metadata.json
VA_Rt. 7100 (Fairfax County)_10.11-11.6,j_segment,N,Rt. 7100N (Fairfax County),R,from Rt. 7100 (Fairfax County) MM 10.11 to MM 11.6,69.33000000,1.20000000,1.40000000,1.40000000,open,1,0.0,425198738,,,,,,,2026-06-04T06:33:22+00:00,https://data.511-atis-ttrip-prod.iteriscloud.com/datasets/travelTime/travel_time_response.json,https://data.511-atis-ttrip-prod.iteriscloud.com/datasets/travelTime/travel_time_segments_metadata.json
VA_Rt. 7100 (Fairfax County)_10.11-12.01,j_segment,N,Rt. 7100N (Fairfax County),R,from Rt. 7100 (Fairfax County) MM 10.11 to MM 12.01,56.40000000,2.00000000,1.90000000,1.90000000,open,1,0.0,425198753,,,,,,,2026-06-04T06:33:22+00:00,https://data.511-atis-ttrip-prod.iteriscloud.com/datasets/travelTime/travel_time_response.json,https://data.511-atis-ttrip-prod.iteriscloud.com/datasets/travelTime/travel_time_segments_metadata.json
VA_Rt. 7100 (Fairfax County)_13.15-12.1,j_segment,S,Rt. 7100S (Fairfax County),R,from Rt. 7100 (Fairfax County) MM 13.15 to MM 12.1,58.62000000,1.00000000,1.00000000,1.00000000,open,1,0.0,425199061,,,,,,,2026-06-04T06:33:22+00:00,https://data.511-atis-ttrip-prod.iteriscloud.com/datasets/travelTime/travel_time_response.json,https://data.511-atis-ttrip-prod.iteriscloud.com/datasets/travelTime/travel_time_segments_metadata.json
VA_Rt. 7100 (Fairfax County)_13.15-11.83,j_segment,S,Rt. 7100S (Fairfax County),R,from Rt. 7100 (Fairfax County) MM 13.15 to MM 11.83,54.00000000,1.40000000,1.40000000,1.30000000,open,1,0.0,425199074,,,,,,,2026-06-04T06:33:22+00:00,https://data.511-atis-ttrip-prod.iteriscloud.com/datasets/travelTime/travel_time_response.json,https://data.511-atis-ttrip-prod.iteriscloud.com/datasets/travelTime/travel_time_segments_metadata.json
VA_Rt. 2000 (Prince William County)_5.41-4.24,j_segment,W,Rt. 2000W (Prince William County),R,from Rt. 2000 (Prince William County) MM 5.41 to MM 4.24,61.29000000,1.10000000,1.10000000,1.10000000,open,1,0.0,425199106,,,,,,,2026-06-04T06:33:22+00:00,https://data.511-atis-ttrip-prod.iteriscloud.com/datasets/travelTime/travel_time_response.json,https://data.511-atis-ttrip-prod.iteriscloud.com/datasets/travelTime/travel_time_segments_metadata.json
VA_Rt. 642 (Prince William County)_1.85-2.15,j_segment,E,Rt. 642E (Prince William County),R,from Rt. 642 (Prince William County) MM 1.85 to MM 2.15,61.06000000,0.20000000,0.20000000,0.20000000,open,1,0.0,425199241,,,,,,,2026-06-04T06:33:22+00:00,https://data.511-atis-ttrip-prod.iteriscloud.com/datasets/travelTime/travel_time_response.json,https://data.511-atis-ttrip-prod.iteriscloud.com/datasets/travelTime/travel_time_segments_metadata.json
VA_Rt. 642 (Prince William County)_1.85-2,j_segment,E,Rt. 642E (Prince William County),R,from Rt. 642 (Prince William County) MM 1.85 to MM 2,55.00000000,0.10000000,0.10000000,0.10000000,open,1,0.0,425199258,,,,,,,2026-06-04T06:33:22+00:00,https://data.511-atis-ttrip-prod.iteriscloud.com/datasets/travelTime/travel_time_response.json,https://data.511-atis-ttrip-prod.iteriscloud.com/datasets/travelTime/travel_time_segments_metadata.json
VA_Rt. 644 (Fairfax County)_5.3-6.2,j_segment,E,Rt. 644E (Fairfax County),R,from Rt. 644 (Fairfax County) MM 5.3 to MM 6.2,54.55000000,1.00000000,1.00000000,0.90000000,open,1,0.0,2931929582,,,,,,,2026-06-04T06:33:22+00:00,https://data.511-atis-ttrip-prod.iteriscloud.com/datasets/travelTime/travel_time_response.json,https://data.511-atis-ttrip-prod.iteriscloud.com/datasets/travelTime/travel_time_segments_metadata.json
VA_Rt. 644 (Fairfax County)_7.1-6.9,j_segment,W,Rt. 644W (Fairfax County),R,from Rt. 644 (Fairfax County) MM 7.1 to MM 6.9,57.00000000,0.10000000,0.10000000,0.10000000,open,1,0.0,2931921190,,,,,,,2026-06-04T06:33:22+00:00,https://data.511-atis-ttrip-prod.iteriscloud.com/datasets/travelTime/travel_time_response.json,https://data.511-atis-ttrip-prod.iteriscloud.com/datasets/travelTime/travel_time_segments_metadata.json
VA_Rt. 784 (Prince William County)_6.23-7.18,j_segment,E,Rt. 784E (Prince William County),R,from Rt. 784 (Prince William County) MM 6.23 to MM 7.18,59.63000000,0.90000000,1.00000000,0.90000000,open,1,0.0,425199330,,,,,,,2026-06-04T06:33:22+00:00,https://data.511-atis-ttrip-prod.iteriscloud.com/datasets/travelTime/travel_time_response.json,https://data.511-atis-ttrip-prod.iteriscloud.com/datasets/travelTime/travel_time_segments_metadata.json
VA_Rt. 789 (Fairfax County)_3-3.2,j_segment,S,Rt. 789S (Fairfax County),R,from Rt. 789 (Fairfax County) MM 3 to MM 3.2,57.50000000,0.20000000,0.20000000,0.20000000,open,1,0.0,2931935209,,,,,,,2026-06-04T06:33:22+00:00,https://data.511-atis-ttrip-prod.iteriscloud.com/datasets/travelTime/travel_time_response.json,https://data.511-atis-ttrip-prod.iteriscloud.com/datasets/travelTime/travel_time_segments_metadata.json
VA_Rt. 3000 (Prince William County)_14.15-14.75,j_segment,E,Rt. 3000E (Prince William County),R,from Rt. 3000 (Prince William County) MM 14.15 to MM 14.75,60.50000000,0.50000000,0.50000000,0.50000000,open,1,0.0,425199468,,,,,,,2026-06-04T06:33:22+00:00,https://data.511-atis-ttrip-prod.iteriscloud.com/datasets/travelTime/travel_time_response.json,https://data.511-atis-ttrip-prod.iteriscloud.com/datasets/travelTime/travel_time_segments_metadata.json
VA_Rt. 7100 (Fairfax County)_1.85-2.15,j_segment,N,Rt. 7100N (Fairfax County),R,from Rt. 7100 (Fairfax County) MM 1.85 to MM 2.15,56.80000000,0.20000000,0.20000000,0.20000000,open,1,0.0,425199393,,,,,,,2026-06-04T06:33:22+00:00,https://data.511-atis-ttrip-prod.iteriscloud.com/datasets/travelTime/travel_time_response.json,https://data.511-atis-ttrip-prod.iteriscloud.com/datasets/travelTime/travel_time_segments_metadata.json
VA_Rt. 7100 (Fairfax County)_2.3-3,j_segment,N,Rt. 7100N (Fairfax County),R,from Rt. 7100 (Fairfax County) MM 2.3 to MM 3,54.75000000,0.80000000,0.70000000,0.70000000,open,1,0.0,425199429,,,,,,,2026-06-04T06:33:22+00:00,https://data.511-atis-ttrip-prod.iteriscloud.com/datasets/travelTime/travel_time_response.json,https://data.511-atis-ttrip-prod.iteriscloud.com/datasets/travelTime/travel_time_segments_metadata.json
VA_Rt. 7900 (Fairfax County)_1.5-1.7,j_segment,E,Rt. 7900E (Fairfax County),R,from Rt. 7900 (Fairfax County) MM 1.5 to MM 1.7,45.60000000,0.10000000,0.10000000,0.10000000,open,1,0.0,2931682325,,,,,,,2026-06-04T06:33:22+00:00,https://data.511-atis-ttrip-prod.iteriscloud.com/datasets/travelTime/travel_time_response.json,https://data.511-atis-ttrip-prod.iteriscloud.com/datasets/travelTime/travel_time_segments_metadata.json
VA_Rt. 7900 (Fairfax County)_2.7-2.6,j_segment,W,Rt. 7900W (Fairfax County),R,from Rt. 7900 (Fairfax County) MM 2.7 to MM 2.6,45.60000000,0.10000000,0.10000000,0.10000000,open,1,0.0,2931705309,,,,,,,2026-06-04T06:33:22+00:00,https://data.511-atis-ttrip-prod.iteriscloud.com/datasets/travelTime/travel_time_response.json,https://data.511-atis-ttrip-prod.iteriscloud.com/datasets/travelTime/travel_time_segments_metadata.json
VA_Rt. 641 (Prince William County)_0-5,j_segment,E,Rt. 641E (Prince William County),R,from Rt. 641 (Prince William County) MM 0 to MM 5,50.40000000,6.00000000,5.70000000,5.00000000,open,1,0.0,1772923376,,,,,,,2026-06-04T06:33:22+00:00,https://data.511-atis-ttrip-prod.iteriscloud.com/datasets/travelTime/travel_time_response.json,https://data.511-atis-ttrip-prod.iteriscloud.com/datasets/travelTime/travel_time_segments_metadata.json
VA_Rt. 3000 (Prince William County)_10.05-10.47,j_segment,E,Rt. 3000E (Prince William County),R,from Rt. 3000 (Prince William County) MM 10.05 to MM 10.47,50.40000000,0.50000000,0.50000000,0.40000000,open,1,0.0,1772924177,,,,,,,2026-06-04T06:33:22+00:00,https://data.511-atis-ttrip-prod.iteriscloud.com/datasets/travelTime/travel_time_response.json,https://data.511-atis-ttrip-prod.iteriscloud.com/datasets/travelTime/travel_time_segments_metadata.json
VA_Rt. 606 (Loudoun County)_2.8-9.8,j_segment,E,Rt. 606E (Loudoun County),R,from Rt. 606 (Loudoun County) MM 2.8 to MM 9.8,46.67000000,9.00000000,9.00000000,7.00000000,open,1,0.0,4284542996,,,,,,,2026-06-04T06:33:22+00:00,https://data.511-atis-ttrip-prod.iteriscloud.com/datasets/travelTime/travel_time_response.json,https://data.511-atis-ttrip-prod.iteriscloud.com/datasets/travelTime/travel_time_segments_metadata.json
VA_Rt. 606 (Loudoun County)_0.7-0,j_segment,W,Rt. 606W (Loudoun County),R,from Rt. 606 (Loudoun County) MM 0.7 to MM 0,36.67000000,1.10000000,1.10000000,0.70000000,open,1,0.0,4284742223,,,,,,,2026-06-04T06:33:22+00:00,https://data.511-atis-ttrip-prod.iteriscloud.com/datasets/travelTime/travel_time_response.json,https://data.511-atis-ttrip-prod.iteriscloud.com/datasets/travelTime/travel_time_segments_metadata.json
VA_Rt. 7100 (Fairfax County)_9.9-12,j_segment,N,Rt. 7100N (Fairfax County),R,from Rt. 7100 (Fairfax County) MM 9.9 to MM 12,58.94000000,2.00000000,0.00000000,2.00000000,open,0,0.0,10018110737,,,,,,,2026-06-04T06:33:22+00:00,https://data.511-atis-ttrip-prod.iteriscloud.com/datasets/travelTime/travel_time_response.json,https://data.511-atis-ttrip-prod.iteriscloud.com/datasets/travelTime/travel_time_segments_metadata.json
