scenario,activity_pair,vehicle_trips,share
real,1 -> 2,23963.06676864,0.12616103568626327
real,2 -> 1,19368.56692904,0.10197185890765165
real,5 -> 1,14344.70609133,0.07552217729767449
real,1 -> 16,8953.46904844,0.0471383291229798
real,1 -> 5,8229.50778068,0.043326809327989664
real,16 -> 1,8204.34969673,0.04319435675179571
real,5 -> 5,4454.06827117,0.02344983100591774
real,1 -> 13,3822.83224244,0.020126492139655405
real,13 -> 1,3556.33702799,0.01872344500111284
real,2 -> 2,3364.41125082,0.017712991912764982
real,2 -> 5,3358.7268323,0.017683064519302308
real,7 -> 1,3284.69437929,0.01729329759020627
real,6 -> 1,2974.61486871,0.01566078733692525
real,16 -> 2,2807.05444884,0.014778613268183378
real,10 -> 1,2767.09885372,0.014568254581189398
real,1 -> 10,2749.60150063,0.014476134310903645
real,1 -> 9,2460.72965817,0.01295527843810498
real,2 -> 16,2385.24162235,0.012557848139515803
real,1 -> 7,2206.34867482,0.011616010445899343
real,1 -> 4,2188.68090297,0.011522992952922124
real,1 -> 18,2107.17939134,0.011093902836180761
real,11 -> 1,1955.53504662,0.010295523907033132
real,4 -> 1,1893.36768523,0.009968224451810283
real,8 -> 1,1863.50929867,0.00981102566716807
real,1 -> 11,1862.41367107,0.009805257394096973
real,1 -> 3,1849.81880215,0.009738947780113867
real,1 -> 6,1764.68891607,0.00929075495490496
real,3 -> 1,1729.79718029,0.009107056534106124
real,18 -> 1,1684.52296967,0.008868696337690355
real,9 -> 1,1641.47597229,0.008642061999728575
real,2 -> 7,1584.61874189,0.008342719384579504
real,6 -> 2,1352.90999031,0.007122816424781385
real,7 -> 2,1340.08620009,0.007055301583246334
real,1 -> 12,1334.98767966,0.007028458832937005
real,2 -> 6,1320.60014377,0.0069527111648116915
real,10 -> 5,1238.06358819,0.006518171736512106
real,12 -> 1,1200.87599222,0.006322386043989755
real,1 -> 8,1159.56881442,0.006104911528609921
real,1 -> 14,1138.78555905,0.005995491601364101
real,14 -> 1,1121.59711737,0.005904997691501961
real,2 -> 8,1083.92214143,0.00570664603518284
real,16 -> 16,1057.7561862,0.005568887206423187
real,16 -> 5,1019.12972921,0.0053655261814843135
real,2 -> 10,889.89371925,0.004685122916662997
real,9 -> 5,850.1127928,0.004475683827336623
real,7 -> 5,772.7209472,0.004068230328632312
real,5 -> 2,740.25855193,0.0038973219283152147
real,18 -> 5,731.17808146,0.0038495149606146972
real,8 -> 5,709.86475743,0.0037373043216550527
real,5 -> 16,675.81047633,0.0035580149421024464
real,5 -> 7,663.42994321,0.0034928337657593846
real,13 -> 5,628.34871519,0.003308137703987307
real,5 -> 10,628.32964653,0.003308037311081925
real,5 -> 6,627.49825528,0.003303660192653254
real,2 -> 13,604.04768328,0.003180197345450947
real,8 -> 2,556.56685353,0.0029302197146936666
real,5 -> 8,531.93784165,0.002800552603354794
real,2 -> 9,506.51557569,0.0026667091586082907
real,5 -> 18,491.61918044,0.0025882824417411744
real,2 -> 18,460.42294055,0.00242404011115642
real,11 -> 5,437.81683067,0.00230502319805285
real,18 -> 2,424.38327465,0.002234298054364206
real,10 -> 2,380.09834331,0.002001146227133933
real,16 -> 6,375.07948613,0.0019747228888399014
real,12 -> 5,358.68811217,0.001888425390482106
real,5 -> 11,333.64994409,0.0017566041487705297
real,1 -> 15,330.01274198,0.0017374549643348219
real,10 -> 10,317.38551084,0.0016709749693553375
real,15 -> 1,309.00676524,0.0016268624510014226
real,16 -> 7,304.54776238,0.0016033866403142108
real,2 -> 11,301.58907738,0.0015878097207373766
real,3 -> 5,295.83417205,0.001557511227488618
real,16 -> 8,284.45707877,0.0014976129730138428
real,9 -> 7,269.10761337,0.0014168009270937134
real,9 -> 2,262.46029729,0.0013818040592352033
real,7 -> 16,262.0781451,0.001379792099891866
real,16 -> 9,256.24774534,0.001349096142680364
real,10 -> 7,245.19558111,0.0012909085784886124
real,16 -> 13,235.71848375,0.0012410134448740007
real,18 -> 10,232.94209467000002,0.001226396279000256
real,2 -> 4,227.67915935,0.0011986879152448308
real,6 -> 5,225.77229874,0.001188648653084039
real,9 -> 6,217.83975847,0.001146885321798083
real,13 -> 7,214.08705678,0.0011271280538155235
real,13 -> 2,209.00718006,0.0011003834591298196
real,16 -> 18,208.07663205999998,0.0010954842990778424
real,10 -> 6,197.22278134,0.0010383408181853504
real,8 -> 10,192.41749258,0.0010130418774201167
real,4 -> 7,191.24591736,0.0010068737544262354
real,16 -> 10,186.81894972999999,0.0009835666031946045
real,4 -> 5,186.26977387,0.0009806752956695523
real,3 -> 3,186.02569574,0.000979390270260807
real,5 -> 12,181.84585723,0.0009573842073259477
real,11 -> 16,175.76501608,0.0009253697233396316
real,2 -> 12,169.18048892,0.0008907034273254224
real,5 -> 13,168.48257794,0.0008870290573917359
real,2 -> 3,167.45287317999998,0.000881607855663805
real,5 -> 9,162.40960817,0.0008550560147393973
real,9 -> 16,160.35935162,0.0008442617999476139
real,7 -> 10,160.34409673,0.0008441814858233716
real,12 -> 7,156.82784573,0.0008256690862137605
real,10 -> 18,148.71224691,0.0007829419861213241
real,18 -> 7,147.89611055,0.000778645181816895
real,14 -> 5,145.96941855,0.0007685015111208493
real,9 -> 18,144.63919261,0.0007614981219508639
real,13 -> 6,139.89492335,0.0007365204373667103
real,16 -> 4,139.25421818,0.0007331472452541495
real,4 -> 2,137.91178826,0.0007260796044267631
real,16 -> 11,137.05370099,0.0007215619364780983
real,10 -> 8,135.05149734,0.000711020711159251
real,6 -> 11,134.56334103,0.0007084506600785195
real,10 -> 16,134.04467493,0.0007057199806966556
real,2 -> 14,130.94175009999998,0.0006893836655668353
real,6 -> 16,128.16391674,0.0006747588958307645
real,3 -> 2,125.66974304,0.000661627540807991
real,7 -> 8,124.34256802,0.0006546402141574949
real,7 -> 11,123.14505954,0.0006483355574314368
real,8 -> 6,121.92848249,0.0006419305082738306
real,7 -> 18,118.94865558,0.0006262422805206375
real,7 -> 7,118.15056117,0.0006220404636867093
real,9 -> 10,117.86686934000001,0.0006205468796044178
real,11 -> 7,117.01259578,0.0006160492901210033
real,18 -> 11,116.09730268,0.0006112304442459166
real,10 -> 9,114.29722623,0.000601753380586283
real,18 -> 18,114.19044205,0.0006011911819798283
real,8 -> 7,113.26752146999999,0.0005963321788583519
real,8 -> 16,113.22175684,0.000596091236696218
real,18 -> 6,110.72758313,0.0005829598816207963
real,6 -> 10,109.97246633,0.0005789843338133357
real,5 -> 3,107.52405725,0.0005660939209000481
real,3 -> 7,101.30006417,0.0005333257689494578
real,11 -> 12,99.21777234999999,0.0005223628944915011
real,11 -> 2,98.85165511,0.0005204353561414664
real,9 -> 9,98.70520821000001,0.0005196643407803934
real,9 -> 8,96.1057758,0.0005059788184635579
real,18 -> 16,94.91589478,0.0004997143188785932
real,14 -> 7,93.82004618,0.0004939448822840973
real,18 -> 8,92.29205455,0.0004859002939840296
real,4 -> 16,87.63931461,0.0004614044940400328
real,10 -> 12,84.16120081,0.0004430928796094067
real,5 -> 14,84.11543617,0.0004428519373946245
real,13 -> 10,83.71118169,0.00044072361365501224
real,11 -> 8,82.41989418,0.0004339252279891369
real,4 -> 6,82.09035017000001,0.00043219024081044184
real,13 -> 8,79.2415004,0.0004171915830439772
real,7 -> 4,78.89826546,0.00041538451569603734
real,13 -> 16,78.07831537999999,0.00041106763287370953
real,6 -> 8,76.79309133,0.0004043011701833376
real,3 -> 16,75.6032103,0.0003980366705457248
real,15 -> 5,71.75897928,0.00037779751787036023
real,16 -> 3,69.00928623,0.00036332090156925695
real,8 -> 18,68.26866156,0.0003594216520982219
real,8 -> 13,68.18933616999999,0.0003590040188522254
real,11 -> 11,67.82321893,0.0003570764805021907
real,16 -> 14,66.2595932,0.00034884428537344987
real,18 -> 9,65.30616288,0.00034382465421408173
real,7 -> 9,64.20781117,0.0003380420392166257
real,13 -> 11,63.33065527,0.000333423978520524
real,6 -> 9,60.88987367,0.00032057372285362586
real,7 -> 13,60.35595269,0.00031776272940016784
real,6 -> 6,59.43303215,0.00031290372648928405
real,12 -> 8,57.96093574,0.0003051534160007
real,18 -> 12,56.93123099,0.0002997322143254172
real,9 -> 11,56.38205514,0.00029684090685301324
real,13 -> 18,56.015937890000004,0.0002949133684503304
real,7 -> 3,55.215056440000005,0.0002906968783754396
real,12 -> 2,54.27688099,0.00028575756123501737
real,8 -> 9,53.819234460000004,0.0002833481384027702
real,10 -> 3,53.6132935,0.00028226389801506546
real,6 -> 18,53.56752885,0.0002820229557476352
real,5 -> 15,51.89711893,0.0002732285619597916
real,10 -> 11,51.81703078,0.0002728069129259785
real,7 -> 12,51.09623748,0.0002690120718849008
real,11 -> 6,51.02759048,0.0002686506583521351
real,18 -> 13,50.24196392,0.0002645144824014865
real,12 -> 18,50.13517971,0.00026395228363708753
real,6 -> 7,48.73935773,0.0002566035436644181
real,7 -> 14,48.65926958,0.00025618189463060497
real,12 -> 10,46.679948259999996,0.00024576114047179684
real,8 -> 11,46.42824266,0.00024443595786931006
real,3 -> 18,46.153654700000004,0.00024299030394883965
real,4 -> 8,45.9019491,0.00024166512134635282
real,11 -> 10,45.60447885,0.00024009899647643566
real,15 -> 7,44.68155831,0.00023523999356555184
real,12 -> 11,44.14000988,0.00023238884302364868
real,14 -> 10,42.72893302,0.00022495978897938521
real,7 -> 6,41.916610399999996,0.0002206830632981507
real,13 -> 3,41.46277757,0.00021829371887850584
real,13 -> 12,40.12797511,0.00021126623519221268
real,11 -> 13,39.12878015,0.0002060056618180623
real,13 -> 9,39.12878015,0.0002060056618180623
real,14 -> 8,38.0990754,0.0002005844601427795
real,12 -> 9,37.069370660000004,0.00019516325852014487
real,3 -> 6,35.63922521,0.00018763381193903693
real,4 -> 4,35.12437283,0.00018492321107507146
real,15 -> 16,34.39213834,0.00018106813432235393
real,6 -> 12,33.7743155,0.00017781541336983235
real,6 -> 3,33.61413921,0.00017697211535485418
real,8 -> 12,33.56074711,0.00017669101599897876
real,14 -> 16,33.55693338,0.0001766709374284321
real,11 -> 18,32.33272884,0.0001702257309717883
real,12 -> 16,31.25725947,0.00016456358718701958
real,4 -> 11,31.05131852,0.00016347934685196302
real,9 -> 12,30.868259899999998,0.00016251557767694565
real,5 -> 4,30.479260319999998,0.0001604675681142236
real,14 -> 2,29.93008447,0.00015757626064181966
real,12 -> 12,29.63261421,0.0001560101357192544
real,4 -> 13,29.449555580000002,0.00015504636649158894
real,9 -> 13,28.45036063,0.0001497857931700867
real,16 -> 15,27.95457685,0.0001471755848956138
real,18 -> 14,27.91643965,0.00014697479971662869
real,14 -> 9,27.733381020000003,0.00014601103048896322
real,3 -> 10,27.64185169,0.00014552914579615828
real,6 -> 4,27.55794985,0.00014508741840239098
real,13 -> 13,27.09267585,0.00014263783837640244
real,10 -> 13,25.902794789999998,0.00013637333858084524
real,12 -> 4,25.74261851,0.0001355300406185152
real,12 -> 6,22.58485732,0.0001189050223757898
real,10 -> 14,22.56197498,0.00011878455116310247
real,12 -> 13,22.310269390000002,0.00011745936861326376
real,11 -> 14,20.75427111,0.00010926733057296807
real,4 -> 10,19.35844913,0.00010191859060029867
real,14 -> 11,18.473665790000002,9.726037286839997e-05
real,6 -> 14,18.32416793,9.647329477724502e-05
real,7 -> 15,17.93974482,9.444937946759006e-05
real,14 -> 14,17.81770574,9.380686668424515e-05
real,16 -> 12,17.66515689,9.300372570506401e-05
real,11 -> 3,17.36005918,9.139744369405363e-05
real,4 -> 3,17.3448043,9.131712962245957e-05
real,8 -> 14,17.07021637,8.987147585993354e-05
real,9 -> 3,16.383746539999997,8.625734142729435e-05
real,18 -> 3,16.06339396,8.457074539733805e-05
real,11 -> 9,15.6057474,8.216132240714653e-05
real,13 -> 4,15.3349732,8.073574721516712e-05
real,4 -> 14,14.09551378,7.421022668692925e-05
real,9 -> 4,14.09551378,7.421022668692925e-05
real,14 -> 6,14.01923936,7.380865622366274e-05
real,9 -> 14,13.63786724,7.180080380203396e-05
real,11 -> 15,13.60735747,7.164017560619774e-05
real,3 -> 8,12.447986199999999,6.5536304111773e-05
real,3 -> 11,12.31069223,6.481347720418592e-05
real,11 -> 4,11.64710474,6.131981398423407e-05
real,13 -> 15,11.34963447,5.975368900902072e-05
real,6 -> 13,10.50298835,5.5296256561403396e-05
real,3 -> 9,10.411459050000001,5.481437202654284e-05
real,13 -> 14,9.690665730000001,5.1019530880168934e-05
real,8 -> 3,9.519048269999999,5.011599725884711e-05
real,14 -> 18,9.08428405,4.7827045481342916e-05
real,1 -> 1,8.23763793,4.336961303372559e-05
real,15 -> 6,8.0545793,4.240584380606011e-05
real,10 -> 4,8.00881465,4.2164901538629826e-05
real,2 -> 15,7.82575603,4.120113236361246e-05
real,4 -> 18,7.5511681,3.975547860108642e-05
real,14 -> 13,7.15454109,3.766731205521548e-05
real,14 -> 12,5.92652284,3.1202027133321256e-05
real,15 -> 3,5.35446465,2.8190248448229976e-05
real,8 -> 4,4.8968181,2.5780825510686576e-05
real,3 -> 13,4.02728965,2.1202921903030056e-05
real,12 -> 14,3.72219195,1.9596639944667787e-05
real,18 -> 15,3.15776121,1.6625018348021647e-05
real,12 -> 3,2.99758491,1.578172028039537e-05
real,4 -> 9,2.45603649,1.2930569791140314e-05
real,15 -> 18,1.83058621,9.637691802821725e-06
real,3 -> 12,1.83058621,9.637691802821725e-06
real,15 -> 11,1.41870431,7.469211132708605e-06
real,15 -> 13,1.35005733,7.107797705239124e-06
real,14 -> 3,1.28141034,6.746384225121526e-06
synthetic,1 -> 2,26360.39999964,0.13878254389981198
synthetic,2 -> 1,22353.19999932,0.11768539021597821
synthetic,5 -> 1,15472.11428352,0.08145776922219872
synthetic,1 -> 16,11199.3142764,0.058962281499275446
synthetic,1 -> 5,9977.79999852,0.05253123876485399
synthetic,16 -> 1,9520.5428496,0.05012386595016379
synthetic,7 -> 1,3408.79999848,0.01794669031733928
synthetic,1 -> 13,3297.3999996000002,0.01736019029324201
synthetic,2 -> 5,3294.39999996,0.01734439585985923
synthetic,5 -> 5,3211.82857068,0.016909672827997865
synthetic,1 -> 10,2970.9999996,0.015641755734983515
synthetic,13 -> 1,2918.99999964,0.015367985523706846
synthetic,6 -> 1,2870.39999952,0.015112115671569667
synthetic,10 -> 1,2862.9999996,0.015073156064971512
synthetic,1 -> 4,2577.5999994,0.013570578787794238
synthetic,1 -> 9,2488.99999944,0.013104116466124614
synthetic,16 -> 2,2479.99999968,0.013056733161553835
synthetic,2 -> 2,2388.0,0.012572370481376499
synthetic,1 -> 7,2316.399999,0.012195409954140767
synthetic,11 -> 1,2106.19999956,0.011088746525269404
synthetic,16 -> 16,2089.59999768,0.011001350640166009
synthetic,4 -> 1,2006.9999994,0.010566477197897491
synthetic,2 -> 16,1888.3999998,0.009942070525342088
synthetic,1 -> 18,1815.9999996,0.009560898152910708
synthetic,8 -> 1,1789.39999968,0.009420854160532642
synthetic,18 -> 1,1725.39999972,0.00908390620814353
synthetic,9 -> 1,1662.1999998000001,0.008751170105372505
synthetic,1 -> 6,1594.99999968,0.008397374754511038
synthetic,1 -> 3,1559.79999984,0.00821205338142357
synthetic,1 -> 11,1538.19999936,0.008098333444894058
synthetic,1 -> 12,1402.39999956,0.007383372009024522
synthetic,3 -> 1,1394.39999964,0.007341253515370744
synthetic,2 -> 7,1224.99999996,0.006449394405018139
synthetic,1 -> 14,1202.19999924,0.006329356693113829
synthetic,14 -> 1,1200.99999912,0.006323038918370808
synthetic,16 -> 5,1134.19999932,0.005971349493897828
synthetic,12 -> 1,1013.39999988,0.005335360236314179
synthetic,7 -> 2,953.39999988,0.005019471530751956
synthetic,2 -> 6,948.0,0.004991041547883133
synthetic,6 -> 2,948.0,0.004991041547883133
synthetic,10 -> 5,937.99999992,0.004938393429868244
synthetic,1 -> 8,829.99999992,0.004369793759856242
synthetic,18 -> 5,816.99999996,0.004301351207195018
synthetic,5 -> 16,707.39999976,0.0037243278373150614
synthetic,7 -> 5,687.99999996,0.003622190490236238
synthetic,2 -> 10,678.0,0.0035695423728531266
synthetic,2 -> 8,648.0,0.003411598020072015
synthetic,8 -> 5,610.39999992,0.0032136410974985033
synthetic,8 -> 2,570.0,0.003000942702841124
synthetic,5 -> 7,534.39999972,0.002813515402733391
synthetic,18 -> 2,498.0,0.0026218762561664557
synthetic,1 -> 1,474.99999984,0.0025007855848585667
synthetic,2 -> 13,450.0,0.0023691652917166768
synthetic,5 -> 2,435.99999996,0.002295457926874899
synthetic,5 -> 8,435.99999996,0.002295457926874899
synthetic,9 -> 5,423.39999996,0.002229121298706832
synthetic,5 -> 6,408.0,0.0021480431978231204
synthetic,2 -> 9,384.0,0.002021687715598231
synthetic,5 -> 10,375.0,0.0019743044097638974
synthetic,7 -> 7,374.99999964,0.001974304407868565
synthetic,13 -> 5,366.0,0.0019269211039295638
synthetic,10 -> 2,354.0,0.0018637433628171192
synthetic,5 -> 18,354.0,0.0018637433628171192
synthetic,16 -> 7,343.39999944,0.0018079363552194984
synthetic,10 -> 10,336.0,0.001768976751148452
synthetic,3 -> 5,334.99999992,0.0017637119389678968
synthetic,2 -> 11,312.0,0.0016426212689235626
synthetic,15 -> 1,307.3999998,0.0016184031337774965
synthetic,11 -> 5,294.0,0.0015478546572548957
synthetic,16 -> 6,286.9999998,0.0015110009738863405
synthetic,2 -> 18,285.99999996,0.00150573616296934
synthetic,5 -> 11,279.99999996,0.0014741472924131177
synthetic,1 -> 15,270.99999996,0.0014267639865787841
synthetic,7 -> 16,258.99999984,0.0013635862448345619
synthetic,6 -> 5,249.0,0.0013109381280832278
synthetic,13 -> 13,225.99999996,0.0011898474574071163
synthetic,10 -> 16,199.99999992,0.0010529623514528936
synthetic,16 -> 10,199.99999992,0.0010529623514528936
synthetic,4 -> 4,198.0,0.0010424327283553379
synthetic,12 -> 5,189.99999996,0.0010003142340697822
synthetic,10 -> 7,174.0,0.0009160772461304484
synthetic,9 -> 2,174.0,0.0009160772461304484
synthetic,18 -> 18,168.0,0.000884488375574226
synthetic,16 -> 9,164.99999988,0.0008686939396643374
synthetic,2 -> 3,162.0,0.0008528995050180037
synthetic,4 -> 5,162.0,0.0008528995050180037
synthetic,3 -> 3,159.99999996,0.0008423698812886704
synthetic,4 -> 6,156.99999996,0.0008265754460105592
synthetic,16 -> 11,153.39999996,0.0008076221236768259
synthetic,16 -> 13,150.0,0.000789721763905559
synthetic,2 -> 12,144.0,0.0007581328933493366
synthetic,9 -> 9,141.99999996,0.0007476032696200033
synthetic,9 -> 16,138.99999996,0.0007318088343418921
synthetic,4 -> 7,138.0,0.0007265440227931143
synthetic,6 -> 6,133.99999992,0.0007054847753344477
synthetic,13 -> 2,132.0,0.0006949551522368919
synthetic,11 -> 11,127.99999992,0.0006738959047782253
synthetic,2 -> 4,126.0,0.0006633662816806695
synthetic,16 -> 4,124.9999998,0.0006581014688683368
synthetic,11 -> 2,123.99999996,0.0006528366579513363
synthetic,6 -> 16,123.99999996,0.0006528366579513363
synthetic,16 -> 18,119.39999988,0.0006286185234370475
synthetic,9 -> 7,117.99999996,0.0006212477873951139
synthetic,11 -> 16,114.0,0.0006001885405682248
synthetic,18 -> 10,114.0,0.0006001885405682248
synthetic,9 -> 10,114.0,0.0006001885405682248
synthetic,14 -> 5,108.99999996,0.0005738644815607804
synthetic,13 -> 16,105.0,0.0005528052347338913
synthetic,4 -> 16,103.99999992,0.0005475404225533359
synthetic,18 -> 16,102.99999984,0.0005422756103727806
synthetic,3 -> 16,102.0,0.0005370107994557801
synthetic,7 -> 13,102.0,0.0005370107994557801
synthetic,11 -> 7,99.99999996,0.0005264811757264468
synthetic,8 -> 16,99.99999996,0.0005264811757264468
synthetic,10 -> 8,96.0,0.0005054219288995578
synthetic,7 -> 9,96.0,0.0005054219288995578
synthetic,8 -> 8,96.0,0.0005054219288995578
synthetic,7 -> 10,93.0,0.0004896274936214465
synthetic,18 -> 9,90.0,0.00047383305834333537
synthetic,5 -> 12,90.0,0.00047383305834333537
synthetic,7 -> 11,87.99999996,0.0004633034346140021
synthetic,14 -> 16,84.99999996,0.00044750899933589095
synthetic,12 -> 2,84.0,0.000442244187787113
synthetic,4 -> 2,84.0,0.000442244187787113
synthetic,8 -> 10,84.0,0.000442244187787113
synthetic,13 -> 7,78.99999996,0.0004159201287796686
synthetic,5 -> 13,78.99999996,0.0004159201287796686
synthetic,13 -> 6,78.0,0.00041065531723089065
synthetic,2 -> 14,75.99999996,0.0004001256935015574
synthetic,10 -> 6,72.0,0.0003790664466746683
synthetic,12 -> 8,72.0,0.0003790664466746683
synthetic,16 -> 12,71.71428564,0.00037756221435231933
synthetic,13 -> 8,69.99999996,0.000368536822945335
synthetic,18 -> 3,69.0,0.00036327201139655713
synthetic,18 -> 8,67.99999992,0.00035800719921600174
synthetic,16 -> 8,66.99999996,0.00035274238766722386
synthetic,18 -> 14,66.99999996,0.00035274238766722386
synthetic,18 -> 6,66.0,0.0003474775761184459
synthetic,8 -> 18,66.0,0.0003474775761184459
synthetic,10 -> 18,63.99999996,0.00033694795238911265
synthetic,5 -> 9,62.4,0.0003285242537847125
synthetic,11 -> 8,60.0,0.00031588870556222356
synthetic,4 -> 11,60.0,0.00031588870556222356
synthetic,3 -> 18,57.99999996,0.0003053590818328903
synthetic,8 -> 9,57.99999996,0.0003053590818328903
synthetic,16 -> 14,57.99999984,0.00030535908120111295
synthetic,12 -> 12,54.0,0.0002842998350060012
synthetic,13 -> 3,54.0,0.0002842998350060012
synthetic,18 -> 12,54.0,0.0002842998350060012
synthetic,7 -> 14,54.0,0.0002842998350060012
synthetic,7 -> 8,51.99999996,0.00027377021127666793
synthetic,12 -> 7,51.40000008,0.0002706113248528231
synthetic,12 -> 16,49.99999992,0.0002632405875473347
synthetic,13 -> 12,48.0,0.0002527109644497789
synthetic,14 -> 6,48.0,0.0002527109644497789
synthetic,3 -> 8,48.0,0.0002527109644497789
synthetic,7 -> 3,48.0,0.0002527109644497789
synthetic,9 -> 6,48.0,0.0002527109644497789
synthetic,12 -> 11,45.99999996,0.0002421813407204456
synthetic,18 -> 7,45.0,0.00023691652917166769
synthetic,5 -> 14,45.0,0.00023691652917166769
synthetic,18 -> 11,44.4,0.00023375764211604544
synthetic,5 -> 3,43.99999992,0.00023165171699111235
synthetic,12 -> 18,42.0,0.0002211220938935565
synthetic,13 -> 11,42.0,0.0002211220938935565
synthetic,16 -> 3,42.0,0.0002211220938935565
synthetic,4 -> 12,42.0,0.0002211220938935565
synthetic,6 -> 10,42.0,0.0002211220938935565
synthetic,6 -> 3,42.0,0.0002211220938935565
synthetic,7 -> 4,42.0,0.0002211220938935565
synthetic,9 -> 8,42.0,0.0002211220938935565
synthetic,10 -> 14,39.99999996,0.00021059247016422323
synthetic,3 -> 7,39.99999996,0.00021059247016422323
synthetic,14 -> 14,37.99999992,0.00020006284643489
synthetic,11 -> 6,36.0,0.00018953322333733414
synthetic,13 -> 18,36.0,0.00018953322333733414
synthetic,2 -> 15,36.0,0.00018953322333733414
synthetic,3 -> 6,36.0,0.00018953322333733414
synthetic,4 -> 10,36.0,0.00018953322333733414
synthetic,4 -> 8,36.0,0.00018953322333733414
synthetic,8 -> 13,36.0,0.00018953322333733414
synthetic,8 -> 3,36.0,0.00018953322333733414
synthetic,9 -> 11,36.0,0.00018953322333733414
synthetic,6 -> 11,33.99999996,0.00017900359960800087
synthetic,10 -> 9,30.0,0.00015794435278111178
synthetic,11 -> 10,30.0,0.00015794435278111178
synthetic,12 -> 10,30.0,0.00015794435278111178
synthetic,14 -> 18,30.0,0.00015794435278111178
synthetic,18 -> 13,30.0,0.00015794435278111178
synthetic,18 -> 4,30.0,0.00015794435278111178
synthetic,3 -> 10,30.0,0.00015794435278111178
synthetic,9 -> 18,30.0,0.00015794435278111178
synthetic,10 -> 12,27.99999996,0.00014741472905177854
synthetic,7 -> 15,27.99999996,0.00014741472905177854
synthetic,7 -> 18,27.99999996,0.00014741472905177854
synthetic,7 -> 6,27.99999996,0.00014741472905177854
synthetic,10 -> 13,24.0,0.00012635548222488945
synthetic,11 -> 18,24.0,0.00012635548222488945
synthetic,11 -> 9,24.0,0.00012635548222488945
synthetic,12 -> 6,24.0,0.00012635548222488945
synthetic,14 -> 2,24.0,0.00012635548222488945
synthetic,3 -> 12,24.0,0.00012635548222488945
synthetic,3 -> 2,24.0,0.00012635548222488945
synthetic,4 -> 13,24.0,0.00012635548222488945
synthetic,6 -> 12,24.0,0.00012635548222488945
synthetic,6 -> 18,24.0,0.00012635548222488945
synthetic,6 -> 9,24.0,0.00012635548222488945
synthetic,8 -> 11,24.0,0.00012635548222488945
synthetic,8 -> 12,24.0,0.00012635548222488945
synthetic,9 -> 12,24.0,0.00012635548222488945
synthetic,14 -> 7,21.99999996,0.00011582585849555618
synthetic,8 -> 6,21.99999996,0.00011582585849555618
synthetic,3 -> 11,20.4,0.000107402159891156
synthetic,11 -> 14,18.0,9.476661166866707e-05
synthetic,11 -> 4,18.0,9.476661166866707e-05
synthetic,12 -> 4,18.0,9.476661166866707e-05
synthetic,14 -> 11,18.0,9.476661166866707e-05
synthetic,4 -> 9,18.0,9.476661166866707e-05
synthetic,6 -> 8,18.0,9.476661166866707e-05
synthetic,8 -> 7,18.0,9.476661166866707e-05
synthetic,10 -> 11,15.99999996,8.423698793933381e-05
synthetic,15 -> 16,15.99999996,8.423698793933381e-05
synthetic,9 -> 14,15.99999996,8.423698793933381e-05
synthetic,15 -> 8,15.0,7.897217639055589e-05
synthetic,10 -> 15,12.0,6.317774111244472e-05
synthetic,10 -> 3,12.0,6.317774111244472e-05
synthetic,11 -> 13,12.0,6.317774111244472e-05
synthetic,13 -> 10,12.0,6.317774111244472e-05
synthetic,13 -> 15,12.0,6.317774111244472e-05
synthetic,13 -> 9,12.0,6.317774111244472e-05
synthetic,14 -> 10,12.0,6.317774111244472e-05
synthetic,14 -> 3,12.0,6.317774111244472e-05
synthetic,15 -> 11,12.0,6.317774111244472e-05
synthetic,15 -> 2,12.0,6.317774111244472e-05
synthetic,17 -> 17,12.0,6.317774111244472e-05
synthetic,3 -> 14,12.0,6.317774111244472e-05
synthetic,3 -> 17,12.0,6.317774111244472e-05
synthetic,3 -> 9,12.0,6.317774111244472e-05
synthetic,4 -> 14,12.0,6.317774111244472e-05
synthetic,4 -> 18,12.0,6.317774111244472e-05
synthetic,6 -> 14,12.0,6.317774111244472e-05
synthetic,6 -> 4,12.0,6.317774111244472e-05
synthetic,7 -> 12,12.0,6.317774111244472e-05
synthetic,8 -> 4,12.0,6.317774111244472e-05
synthetic,9 -> 13,12.0,6.317774111244472e-05
synthetic,9 -> 3,12.0,6.317774111244472e-05
synthetic,9 -> 4,12.0,6.317774111244472e-05
synthetic,11 -> 12,9.99999996,5.264811738311146e-05
synthetic,16 -> 15,9.99999996,5.264811738311146e-05
synthetic,14 -> 12,6.0,3.158887055622236e-05
synthetic,15 -> 5,6.0,3.158887055622236e-05
synthetic,15 -> 6,6.0,3.158887055622236e-05
synthetic,15 -> 7,6.0,3.158887055622236e-05
synthetic,4 -> 15,6.0,3.158887055622236e-05
synthetic,6 -> 13,6.0,3.158887055622236e-05
synthetic,6 -> 15,6.0,3.158887055622236e-05
synthetic,8 -> 14,6.0,3.158887055622236e-05
synthetic,3 -> 15,5.4,2.8429983500600125e-05
synthetic,5 -> 4,3.99999996,2.10592468268891e-05
synthetic,6 -> 7,3.99999996,2.10592468268891e-05
synthetic,8 -> 15,3.99999996,2.10592468268891e-05
