county,mae_winner,mae_real,mae_synthetic,mae_synthetic_minus_real,rmse_winner,rmse_real,rmse_synthetic,rmse_synthetic_minus_real,mape_winner,mape_real,mape_synthetic,mape_synthetic_minus_real,correlation_winner,correlation_real,correlation_synthetic,correlation_synthetic_minus_real,geh_lt_5_share_winner,geh_lt_5_share_real,geh_lt_5_share_synthetic,geh_lt_5_share_synthetic_minus_real,abs_total_error_share_winner,abs_total_error_share_real,abs_total_error_share_synthetic,abs_total_error_share_synthetic_minus_real
Anne Arundel,real,13190.65164835,13280.2989011,89.64725275000092,synthetic,27879.07873691,27584.17044372,-294.90829319000113,real,0.94182456,1.01147741,0.06965284999999988,synthetic,0.2516254,0.34025003,0.08862462999999998,real,0.01098901,0.00659341,-0.0043956,real,0.8853158923573321,0.8910256497067515,0.005709757349419364
Calvert,real,7510.16346154,9008.73076923,1498.5673076900002,real,12188.3875097,14084.69968004,1896.3121703399993,real,0.91012837,0.95209638,0.041968009999999945,synthetic,0.51881847,0.6057274,0.08690893,real,0.00961538,0.0,-0.00961538,real,0.7565746899850863,0.9664125997904851,0.20983790980539885
Carroll,real,6279.49090909,6754.78181818,475.29090909000024,real,11255.37722723,11737.03813149,481.6609042600012,real,0.89415741,0.93745803,0.04330062000000001,real,0.30434783,0.3040868,-0.00026102999999999543,real,0.00909091,0.00454545,-0.00454546,real,0.8208040258620259,0.9163833541871258,0.09557932832509985
Charles,real,9494.2195122,10988.79674797,1494.5772357700007,real,15159.58541515,16641.16368517,1481.578270019998,real,0.82221248,0.9541967,0.13198421999999999,synthetic,0.36329699,0.3917781,0.02848111000000003,real,0.01626016,0.00813008,-0.00813008,real,0.8185429980020573,0.9675196519241741,0.1489766539221168
Frederick,real,9140.01762115,9524.92951542,384.91189427000063,real,20162.98957265,20508.11863661,345.1290639600011,real,0.88877589,0.92194936,0.03317347000000004,synthetic,0.48770186,0.55579002,0.06808816000000001,real,0.02202643,0.00440529,-0.01762114,real,0.8973578668310782,0.9471467974229903,0.04978893059191214
Howard,real,15032.53579176,15610.94143167,578.4056399100009,real,33063.15063058,33767.86254277,704.7119121900032,real,0.92852241,0.93724458,0.008722169999999974,real,0.23776351,0.1900449,-0.04771861000000002,synthetic,0.00650759,0.01084599,0.0043384,real,0.8975362203082042,0.9562883838803456,0.058752163572141414
Montgomery,real,15236.54255319,15726.18085106,489.6382978700003,real,34842.60788405,35030.684487,188.07660295000096,real,0.87797255,0.91257976,0.03460721,synthetic,0.35062937,0.43000104,0.07937167,real,0.01450677,0.00483559,-0.009671180000000001,real,0.8914700591774686,0.9284972032755002,0.03702714409803165
Prince George's,real,16984.12744186,18054.73674419,1070.6093023299982,real,37464.12415427,38260.77133921,796.6471849399968,real,0.88141379,0.94510372,0.06368993,synthetic,0.45990915,0.51613838,0.05622923000000002,real,0.01581395,0.0,-0.01581395,real,0.8949385623784779,0.9574103331038353,0.06247177072535737
St. Mary's,real,6519.52631579,8856.69473684,2337.16842105,real,11252.48606964,13803.71373981,2551.227670170001,real,0.90879861,0.94376219,0.034963579999999994,real,0.50380785,0.47786155,-0.025946299999999922,real,0.04210526,0.0,-0.04210526,real,0.6331766351022023,0.9436246076923769,0.31044797259017454
