example_id,o_tract_fips,d_tract_fips,path_order,first_raw_position,path_occurrences,screenline_id,tract_a,tract_b,screenline_color,shared_boundary_m,is_validation_candidate,is_in_cached_validation_path,mapped_mdot_station_ids,mapped_fhwa_station_ids
1,24003730401,24003730502,1,1,1,24003730401__24003730402,24003730401,24003730402,#1f77b4,2494.664468257779,True,True,B0632;S2011020888,
1,24003730401,24003730502,2,2,1,24003730402__24003730502,24003730402,24003730502,#ff7f0e,2620.0137992290834,True,True,B0650;P0038;S2010020139;S2010020140;S2010020141;S2010020142;S2010020143;S2010020148,P0038
2,24005420200,24005420701,1,1,1,24005420200__24005420800,24005420200,24005420800,#1f77b4,1217.9369061579055,True,True,B030004;B030005,
2,24005420200,24005420701,2,2,1,24005420701__24005420800,24005420701,24005420800,#ff7f0e,1298.2263977940743,True,True,B030005,
3,24021752102,24021751801,1,1,1,24021751903__24021752102,24021751903,24021752102,#1f77b4,12700.632210170821,True,True,B100082,
3,24021752102,24021751801,2,2,1,24021751801__24021751903,24021751801,24021751903,#ff7f0e,3705.3692032447734,True,True,B2060;S2007100032;S2007100033;S2007100034;S2007100035;S2007100036;S2007100037;S2007100038;S2007100039,
4,24003751103,24003730204,1,1,1,24003730203__24003751103,24003730203,24003751103,#1f77b4,1447.4934386127682,True,True,B0755,
4,24003751103,24003730204,2,2,1,24003730203__24003730204,24003730203,24003730204,#ff7f0e,3535.2996389743594,True,True,B020106;B0754,
5,24043010802,24043011100,1,1,1,24043010802__24043010900,24043010802,24043010900,#1f77b4,10270.392907348822,True,True,B4006;S2010210057;S2010210058;S2010210059,
5,24043010802,24043011100,2,2,1,24043010900__24043011100,24043010900,24043011100,#ff7f0e,4034.6059314027634,True,True,S2008210032,
6,24510200800,24510200500,1,1,1,24510200600__24510200800,24510200600,24510200800,#1f77b4,582.580210498319,True,True,B240121;S2012241395,
6,24510200800,24510200500,2,2,1,24510200500__24510200600,24510200500,24510200600,#ff7f0e,686.4704889151558,True,True,S2012241339,
7,24005491600,24005490100,1,1,1,24005491600__24005491701,24005491600,24005491701,#1f77b4,1183.2981470168527,True,True,B1100;S2003030032;S2003030033,
7,24005491600,24005490100,2,2,1,24005490100__24005491701,24005490100,24005491701,#ff7f0e,2945.3108590444194,True,True,B030053;B1177,
8,24035810500,24019970200,1,1,2,24035810500__24041960100,24035810500,24041960100,#1f77b4,11933.456485549284,True,True,B3829;B3830;B3831;S2013200456,
8,24035810500,24019970200,2,4,1,24011955500__24019970200,24011955500,24019970200,#ff7f0e,12432.791671810579,True,True,B1437;B1825;S2014090612,
9,24510260301,24510090200,1,1,1,24510080101__24510260301,24510080101,24510260301,#1f77b4,754.8570682839006,True,True,S2012240249;S2012240251,
9,24510260301,24510090200,2,2,1,24510080101__24510090200,24510080101,24510090200,#ff7f0e,1030.0210490350182,True,True,B240026,
10,24005408601,24005408503,1,1,1,24005408505__24005408601,24005408505,24005408601,#1f77b4,1910.6770478160138,True,True,B0965,
10,24005408601,24005408503,2,2,1,24005408503__24005408505,24005408503,24005408505,#ff7f0e,1592.58704095366,True,True,S2011030397;S2017030286,
11,24510270200,24510260203,1,1,2,24510270101__24510270200,24510270101,24510270200,#1f77b4,1034.8314120275224,True,True,B240155,
11,24510270200,24510260203,2,4,1,24510260201__24510270102,24510260201,24510270102,#ff7f0e,1072.1136985335904,True,True,B240038;S2012240241,
12,24005490703,24005491201,1,1,1,24005490703__24005490900,24005490703,24005490900,#1f77b4,751.8174114705056,True,True,B0962;S2009030120;S2012030201,
12,24005490703,24005491201,2,2,1,24005490900__24005491201,24005490900,24005491201,#ff7f0e,1054.3371075788855,True,True,B030093,
13,24025303206,24025303603,1,1,1,24025303206__24025303802,24025303206,24025303802,#1f77b4,1282.065502961787,True,True,B2444,
13,24025303206,24025303603,2,2,1,24025303603__24025303802,24025303603,24025303802,#ff7f0e,1889.6599687911557,True,True,S2017120206;S2017120207,
14,24005490100,24005491201,1,1,1,24005490100__24005490302,24005490100,24005490302,#1f77b4,3235.247651683771,True,True,B1102;P0054;S1998030068;S1998030089;S2007030024,P0054
14,24005490100,24005491201,2,2,1,24005490302__24005491201,24005490302,24005491201,#ff7f0e,1845.6737789036222,True,True,S2007030023,
15,24033801802,24033802001,1,1,1,24033801802__24033801907,24033801802,24033801907,#1f77b4,895.2480733340236,True,True,B3132;S2010160091;S2010160093;S2010160094;S2010160095;S2010160096;S2010160097;S2010160098,
15,24033801802,24033802001,2,2,1,24033801907__24033801908,24033801907,24033801908,#ff7f0e,2605.3630309391674,True,True,B3272;S2010160143;S2010160148,
16,24005403402,24005403601,1,1,1,24005403402__24005403500,24005403402,24005403500,#1f77b4,1065.2904525079114,True,True,B0996;S2010030035,
16,24005403402,24005403601,2,2,1,24005403500__24005403601,24005403500,24005403601,#ff7f0e,1504.2293376963519,True,True,S2009030047;S2012030221,
17,24510250103,24005430900,1,1,1,24005430400__24510250103,24005430400,24510250103,#1f77b4,1907.8566826830454,True,True,S2008030084,
17,24510250103,24005430900,2,2,1,24005430400__24005430900,24005430400,24005430900,#ff7f0e,1290.408371579502,True,True,B0910;S2012030196,
18,24031702402,24031702601,1,1,1,24031702402__24031702500,24031702402,24031702500,#1f77b4,1489.4671468407425,True,True,B2896;B2962;S2012150761;S2012150763;S2012150981,
18,24031702402,24031702601,2,2,1,24031702500__24031702601,24031702500,24031702601,#ff7f0e,1198.2556040295992,True,True,B150049,
19,24510270502,24005440100,1,1,1,24510270501__24510270502,24510270501,24510270502,#1f77b4,2062.272756821395,True,True,B240102;B240199;S2009030052,
19,24510270502,24005440100,2,2,1,24005440100__24510270501,24005440100,24510270501,#ff7f0e,1296.4193480039735,True,True,B1050;S2012240147;S2012240148,
20,11001001702,24031701704,1,1,1,11001001702__24031701701,11001001702,24031701701,#1f77b4,1079.9076485057171,True,True,S2012150982,
20,11001001702,24031701704,2,2,1,24031701701__24031701704,24031701701,24031701704,#ff7f0e,2165.0396503709803,True,True,B150109;B2921,
21,24005452400,24005980000,1,1,2,24005452400__24005452500,24005452400,24005452500,#1f77b4,4261.7930846058725,True,True,B1066,
21,24005452400,24005980000,2,3,1,24005452400__24005980000,24005452400,24005980000,#ff7f0e,3149.109548602913,True,True,S2010030169;S2010030170,
22,24005403500,24005403602,1,1,1,24005403500__24005403601,24005403500,24005403601,#1f77b4,1504.2293376963519,True,True,S2009030047;S2012030221,
22,24005403500,24005403602,2,2,1,24005403601__24005403602,24005403601,24005403602,#ff7f0e,2684.9352897047265,True,True,B030010;P0076,P0076
23,24005401102,24005402406,1,1,1,24005401102__24005401507,24005401102,24005401507,#1f77b4,1772.3718827701953,True,True,B1109;B1110;S1997030030;S1999030114;S1999030115;S2010030030,
23,24005401102,24005402406,2,3,2,24005402406__24005402407,24005402406,24005402407,#ff7f0e,4831.46285703989,True,True,S2013030563,
24,24025301401,24025301302,1,1,1,24025301301__24025301401,24025301301,24025301401,#1f77b4,4522.734672862945,True,True,S2011120698;S2011120702,
24,24025301401,24025301302,2,2,1,24025301301__24025301302,24025301301,24025301302,#ff7f0e,4350.098116164561,True,True,B120025;B2342,
25,24003702204,24033800513,1,1,1,24003702204__24003702300,24003702204,24003702300,#1f77b4,3170.6166081786046,True,True,B020051;B0733,
25,24003702204,24033800513,2,3,2,24033800504__24033800513,24033800504,24033800513,#ff7f0e,1972.6696949775942,True,True,S2012161225,
26,24510080500,24510090900,1,1,1,24510080500__24510080600,24510080500,24510080600,#1f77b4,845.3530167995617,True,True,B240037;B240141,
26,24510080500,24510090900,2,2,1,24510080600__24510090900,24510080600,24510090900,#ff7f0e,396.39615123439455,True,True,B240037,
27,24037875600,24037875802,1,1,1,24037875600__24037875700,24037875600,24037875700,#1f77b4,16527.099251075797,True,True,B180009;B3628;B3629;B3630;B3632,
27,24037875600,24037875802,2,2,1,24037875700__24037875802,24037875700,24037875802,#ff7f0e,7472.717429212626,True,True,B3628,
28,24510120202,24510230100,1,2,1,24510120500__24510120600,24510120500,24510120600,#1f77b4,379.59625773273683,True,True,S2005240011,
28,24510120202,24510230100,2,5,1,24510040100__24510220100,24510040100,24510220100,#ff7f0e,1467.6674381050168,True,True,B240055;B240211;S2012240492;S2012240496;S2012240498,
29,24033807404,24033806712,1,1,1,24033807404__24033807408,24033807404,24033807408,#1f77b4,8285.234106812553,True,True,B160004;B160086;B160129;B3186;S2012161017,
29,24033807404,24033806712,2,2,1,24033806712__24033807408,24033806712,24033807408,#ff7f0e,1462.0825906543275,True,True,S2010160122,
30,24005402603,24005402602,1,1,1,24005402603__24005402604,24005402603,24005402604,#1f77b4,4377.76850809413,True,True,B030120,
30,24005402603,24005402602,2,2,1,24005402602__24005402604,24005402602,24005402604,#ff7f0e,2512.8729016176476,True,True,B030013;B0936;S2011030971,
31,24011955000,24035810500,1,1,1,24011955000__24011955100,24011955000,24011955100,#1f77b4,16380.843759353675,True,True,B1430;P0084,P0084
31,24011955000,24035810500,2,2,1,24011955100__24035810500,24011955100,24035810500,#ff7f0e,7614.0861046750515,True,True,B3568,
32,24033800514,24033803523,1,1,1,24033800514__24033800518,24033800514,24033800518,#1f77b4,2471.967727802877,True,True,B160071;B3141,
32,24033800514,24033803523,2,3,2,24033803520__24033803523,24033803520,24033803523,#ff7f0e,1216.983709464699,True,True,S2012161053,
33,24043000900,24043000800,1,1,2,24043000900__24043001001,24043000900,24043001001,#1f77b4,3806.746116344943,True,True,B210034;B210052;S2013210536;S2013210537,
33,24043000900,24043000800,2,3,1,24043000800__24043000900,24043000800,24043000900,#ff7f0e,1582.0688920726025,True,True,B210034,
34,24003750803,24003750203,1,1,1,24003750803__24003751102,24003750803,24003751102,#1f77b4,897.8583884950666,True,True,B0618;S2010020171;S2010020172,
34,24003750803,24003750203,2,2,1,24003750203__24003751102,24003750203,24003751102,#ff7f0e,2649.4418814021924,True,True,B0772;S2005020023;S2005020024;S2005020027;S2010020171;S2010020172,
35,24021751902,24021750300,1,1,1,24021751902__24021772200,24021751902,24021772200,#1f77b4,1050.6445979383084,True,True,P0067;S2017100229,P0067
35,24021751902,24021750300,2,2,1,24021750300__24021772200,24021750300,24021772200,#ff7f0e,557.8516860684612,True,True,B2008,
36,24005408602,24005490301,1,1,1,24005408602__24005490200,24005408602,24005490200,#1f77b4,1815.4750043535287,True,True,S2012030118;S2012030119,
36,24005408602,24005490301,2,2,1,24005490200__24005490301,24005490200,24005490301,#ff7f0e,2610.328173343349,True,True,B030152;B1103;B1104;S2000030147;S2000030149;S2001030145;S2006030057;S2006030058;S2006030059;S2006030061,
37,24025301202,24025303502,1,1,1,24025301202__24025303501,24025301202,24025303501,#1f77b4,3396.019846353342,True,True,S2011120703,
37,24025301202,24025303502,2,2,1,24025303501__24025303502,24025303501,24025303502,#ff7f0e,1399.2438008777483,True,True,B2307;S2011120705,
38,24003730700,24003731203,1,1,1,24003730700__24003731201,24003730700,24003731201,#1f77b4,3041.936932761612,True,True,B020081;B0609;B0610;B0751;S2011020820;S2011020830;S2011020832,
38,24003730700,24003731203,2,2,1,24003731201__24003731203,24003731201,24003731203,#ff7f0e,3291.3393730536436,True,True,B0610,
39,24025301204,24025301107,1,1,1,24025301204__24025301205,24025301204,24025301205,#1f77b4,2122.4651789146797,True,True,B120045;S2013120359;S2013120360,
39,24025301204,24025301107,2,2,1,24025301107__24025301205,24025301107,24025301205,#ff7f0e,1687.9989817703572,True,True,S2013120359;S2013120360;S2013120361;S2013120362;S2017120202;S2017120332,
40,24005491701,24005492101,1,1,1,24005491701__24005491900,24005491701,24005491900,#1f77b4,1510.3394392373448,True,True,B030089;B0958;S2012030133,
40,24005491701,24005492101,2,2,1,24005491900__24005492101,24005491900,24005492101,#ff7f0e,1197.6484447509147,True,True,B1099;S2004030028;S2004030030;S2010030023,
41,24013513001,24027604002,1,1,2,24013513001__24013513002,24013513001,24013513002,#1f77b4,9077.310169587527,True,True,B1505;B1580;B1590;S2005060006;S2007060013;S2007060014;S2007060028;S2007060029;S2011060716;S2013060382;S2013060384,
41,24013513001,24027604002,2,4,1,24027604001__24027604002,24027604001,24027604002,#ff7f0e,19184.66809485873,True,True,B2534;B2535;B2558;B2587;S2005130045;S2005130046;S2005130047;S2010130039;S2010130040;S2010130041;S2010130042,
42,24025303603,24025303203,1,1,1,24025303201__24025303603,24025303201,24025303603,#1f77b4,2420.8998828051745,True,True,B2303,
42,24025303603,24025303203,2,2,1,24025303201__24025303203,24025303201,24025303203,#ff7f0e,3510.275243883981,True,True,B2323;S2014120101,
43,24005491701,24005491500,1,2,1,24005491600__24005492001,24005491600,24005492001,#1f77b4,1373.5661305236827,True,True,S2012030151;S2012030152,
43,24005491701,24005491500,2,3,1,24005491500__24005491600,24005491500,24005491600,#ff7f0e,751.9357717646953,True,True,S2012030151,
44,24005408503,24005408100,1,1,1,24005408503__24005408900,24005408503,24005408900,#1f77b4,893.0689267632222,True,True,P0013;S2011030934;S2011030937,P0013
44,24005408503,24005408100,2,2,1,24005408100__24005408900,24005408100,24005408900,#ff7f0e,4640.820147700514,True,True,B0968,
45,24027606805,24027606804,1,1,1,24027606805__24027606806,24027606805,24027606806,#1f77b4,4584.207770630129,True,True,B2564;B2565;S2006130014;S2006130016;S2006130018;S2010130035;S2010130036;S2013130220,
45,24027606805,24027606804,2,2,1,24027606804__24027606806,24027606804,24027606806,#ff7f0e,1709.5764902723686,True,True,S2008130002,
46,24005490701,24005490301,1,1,2,24005490701__24005490703,24005490701,24005490703,#1f77b4,1450.8849451460385,True,True,S2012030156;S2017030279,
46,24005490701,24005490301,2,3,1,24005490301__24005490701,24005490301,24005490701,#ff7f0e,1183.9971796273383,True,True,S2012030176;S2012030193,
47,24005411408,24005411409,1,1,1,24005411408__24005411410,24005411408,24005411410,#1f77b4,1551.653250643171,True,True,B030087,
47,24005411408,24005411409,2,2,1,24005411409__24005411410,24005411409,24005411410,#ff7f0e,2083.332898691112,True,True,S2012030097;S2012030098,
48,24025301602,24025302400,1,1,1,24025301602__24025301702,24025301602,24025301702,#1f77b4,6970.147605844399,True,True,B2333,
48,24025301602,24025302400,2,2,1,24025301702__24025302400,24025301702,24025302400,#ff7f0e,9097.997355962048,True,True,B2343;S2011120414,
49,24005491401,24005492102,1,1,1,24005491401__24005491402,24005491401,24005491402,#1f77b4,1174.7248149743523,True,True,B0955;S2010030026,
49,24005491401,24005492102,2,2,1,24005491402__24005492102,24005491402,24005492102,#ff7f0e,1435.9429308617757,True,True,B0955;S2008030098;S2010030026,
50,24003751102,24003750202,1,1,1,24003750203__24003751102,24003750203,24003751102,#1f77b4,2649.4418814021924,True,True,B0772;S2005020023;S2005020024;S2005020027;S2010020171;S2010020172,
50,24003751102,24003750202,2,2,1,24003750202__24003750203,24003750202,24003750203,#ff7f0e,1310.0078443316065,True,True,B0619;B0620;S2010020171;S2010020172,
51,24031704503,24031704803,1,2,1,24031704600__24031704700,24031704600,24031704700,#1f77b4,1467.835918510239,True,True,B150019;S2012150773,
51,24031704503,24031704803,2,4,2,24031704803__24031704804,24031704803,24031704804,#ff7f0e,620.0677989597744,True,True,S2012150869,
52,24031701215,24031701205,1,1,1,24031701213__24031701215,24031701213,24031701215,#1f77b4,1907.7982535472547,True,True,S2012150707;S2012150708,
52,24031701215,24031701205,2,2,1,24031701205__24031701213,24031701205,24031701213,#ff7f0e,1209.098059870067,True,True,S2012150708;S2012150813,
53,24005491401,24005491202,1,1,1,24005491401__24005491500,24005491401,24005491500,#1f77b4,548.5493058050043,True,True,S2012030208,
53,24005491401,24005491202,2,2,1,24005491202__24005491500,24005491202,24005491500,#ff7f0e,1222.440628621671,True,True,B030062;S2017030305,
54,24005491900,24510270501,1,1,1,24005491900__24005492101,24005491900,24005492101,#1f77b4,1197.6484447509147,True,True,B1099;S2004030028;S2004030030;S2010030023,
54,24005491900,24510270501,2,3,2,24005440100__24510270501,24005440100,24510270501,#ff7f0e,1296.4193480039735,True,True,B1050;S2012240147;S2012240148,
55,24027602306,24027602100,1,1,1,24027602202__24027602306,24027602202,24027602306,#1f77b4,1717.639242477188,True,True,B2519;S1999130061,
55,24027602306,24027602100,2,2,1,24027602100__24027602202,24027602100,24027602202,#ff7f0e,2623.1706047537477,True,True,B2525;S1998130108,
56,24005404501,24005404800,1,1,1,24005404404__24005404501,24005404404,24005404501,#1f77b4,2855.9028675378536,True,True,B1029;S2008030091;S2011030954,
56,24005404501,24005404800,2,2,1,24005404404__24005404800,24005404404,24005404800,#ff7f0e,2573.5457333326285,True,True,B1173;S2007030064,
57,24031702402,24031702800,1,1,1,24031702402__24031702500,24031702402,24031702500,#1f77b4,1489.4671468407425,True,True,B2896;B2962;S2012150761;S2012150763;S2012150981,
57,24031702402,24031702800,2,2,1,24031702500__24031702800,24031702500,24031702800,#ff7f0e,599.6529827507131,True,True,S2012150758,
58,24033802407,24033802002,1,1,1,24033802406__24033802407,24033802406,24033802407,#1f77b4,1079.951185914224,True,True,B3331,
58,24033802407,24033802002,2,2,1,24033802002__24033802406,24033802002,24033802406,#ff7f0e,2080.8711547521602,True,True,B3287;S2012161163,
59,24005404403,24005403702,1,1,1,24005404102__24005404403,24005404102,24005404403,#1f77b4,1283.976226041637,True,True,S2011030960;S2011030961;S2012031537,
59,24005404403,24005403702,2,2,1,24005403702__24005404102,24005403702,24005404102,#ff7f0e,1089.148718956735,True,True,B1027;B1028;S2009030078;S2010030151;S2010030152,
60,24025301702,24025302902,1,1,1,24025301702__24025302400,24025301702,24025302400,#1f77b4,9097.997355962048,True,True,B2343;S2011120414,
60,24025301702,24025302902,2,2,1,24025302400__24025302902,24025302400,24025302902,#ff7f0e,2554.0337282677,True,True,S2000120029;S2000120031;S2000120032;S2015120121,
61,24017851301,24017851400,1,1,1,24017851301__24017851302,24017851301,24017851302,#1f77b4,14165.819648643806,True,True,B1709,
61,24017851301,24017851400,2,2,1,24017851302__24017851400,24017851302,24017851400,#ff7f0e,9938.539853037675,True,True,B080109;B1701;B1702;S2014080614,
62,24031701211,24031700904,1,1,2,24031700902__24031701211,24031700902,24031701211,#1f77b4,1471.914492409805,True,True,B150041,
62,24031701211,24031700904,2,4,1,24031700904__24031701102,24031700904,24031701102,#ff7f0e,2586.531387116375,True,True,B2979;S2009150005;S2009150006;S2012150944;S2012150956,
63,24045010300,24045000300,1,1,1,24045000300__24045010300,24045000300,24045010300,#1f77b4,1392.945910322422,True,True,B220027;B220041;B4111;B4161,
63,24045010300,24045000300,2,2,2,24045000300__24045010200,24045000300,24045010200,#ff7f0e,1870.56068793981,True,True,B220020;B4111,
64,24029950200,24029950500,1,1,1,24029950200__24029950400,24029950200,24029950400,#1f77b4,12235.870882997762,True,True,B2631;B2664,
64,24029950200,24029950500,2,2,1,24029950300__24029950400,24029950300,24029950400,#ff7f0e,12063.15356918434,True,True,B2602,
65,24005450100,24005441102,1,1,1,24005441101__24005450100,24005441101,24005450100,#1f77b4,2161.7684077223485,True,True,B0912;S2012030027,
65,24005450100,24005441102,2,2,1,24005441101__24005441102,24005441101,24005441102,#ff7f0e,2790.495467309781,True,True,S2009030071;S2012030025,
66,24031701415,24031701421,1,1,1,24031701414__24031701415,24031701414,24031701415,#1f77b4,3870.7116843324607,True,True,B2986,
66,24031701415,24031701421,2,2,1,24031701414__24031701421,24031701414,24031701421,#ff7f0e,1947.1748477121332,True,True,B2726;S2006150069;S2006150070;S2006150071;S2006150072;S2006150073;S2006150074;S2006150075;S2006150076,
67,24005401301,24510280401,1,1,2,24005401301__24005401302,24005401301,24005401302,#1f77b4,1549.337968098634,True,True,B1211;S2010030120;S2010030121;S2010030122;S2011031021;S2012031546,
67,24005401301,24510280401,2,3,1,24005401301__24510280401,24005401301,24510280401,#ff7f0e,415.7225430477826,True,True,B1211;S2009030156;S2010030120;S2010030121;S2010030122,
68,24005430900,24510200500,1,2,1,24510250103__24510250206,24510250103,24510250206,#1f77b4,2177.542249246212,True,True,B240039;B240120;S2002240002;S2006240001;S2006240007;S2008030084;S2012241369;S2012241381;S2013240470,
68,24005430900,24510200500,2,4,1,24510200500__24510200600,24510200500,24510200600,#ff7f0e,686.4704889151558,True,True,S2012241339,
69,24005411407,24510270501,1,1,1,24005411407__24005440300,24005411407,24005440300,#1f77b4,2727.225896027558,True,True,B030058;B0905;B1194;S2009030059,
69,24005411407,24510270501,2,3,2,24005440100__24510270501,24005440100,24510270501,#ff7f0e,1296.4193480039735,True,True,B1050;S2012240147;S2012240148,
70,24005408100,24005407002,1,1,1,24005407001__24005408100,24005407001,24005408100,#1f77b4,6120.535969925586,True,True,B030046;B1207,
70,24005408100,24005407002,2,2,1,24005407001__24005407002,24005407001,24005407002,#ff7f0e,8035.937328673807,True,True,B0970;S2008030004;S2008030010;S2011030926,
71,24033800607,24033800509,1,1,2,24033800607__24033800608,24033800607,24033800608,#1f77b4,10761.092241115442,True,True,B3359,
71,24033800607,24033800509,2,3,1,24033800509__24033800607,24033800509,24033800607,#ff7f0e,2668.4505592639402,True,True,B160007;B3188;B3297,
72,24510270301,24510270702,1,1,1,24510270301__24510270600,24510270301,24510270600,#1f77b4,978.0650867179836,True,True,S2005240052;S2012240256;S2012240259,
72,24510270301,24510270702,2,2,1,24510270600__24510270702,24510270600,24510270702,#ff7f0e,2124.9698204744927,True,True,S2005240061,
73,24510271200,24005490500,1,1,1,24005490603__24510271200,24005490603,24510271200,#1f77b4,677.7083199149986,True,True,S2008030083,
73,24510271200,24005490500,2,2,1,24005490500__24005490603,24005490500,24005490603,#ff7f0e,1682.1678857778043,True,True,B1019;B1020,
74,24031701206,24031701210,1,1,1,24031701002__24031701206,24031701002,24031701206,#1f77b4,2194.608167286678,True,True,B150016;S2001150111;S2001150117;S2017150193;S2017150194;S2017150195;S2017150196;S2017150197,
74,24031701206,24031701210,2,2,1,24031701002__24031701210,24031701002,24031701210,#ff7f0e,1761.042107925287,True,True,B2813;S2017150260,
75,24031704503,24031704401,1,1,1,24031704404__24031704503,24031704404,24031704503,#1f77b4,1447.5901037467504,True,True,B2804;S2000150138;S2000150139;S2000150140;S2000150141;S2012150741,
75,24031704503,24031704401,2,2,1,24031704401__24031704404,24031704401,24031704404,#ff7f0e,1200.6571983947301,True,True,B2900;B2971;S2000150138;S2000150139;S2000150140;S2000150141,
76,24005492001,24005491701,1,1,1,24005491900__24005492001,24005491900,24005492001,#1f77b4,519.9169574634934,True,True,S2004030021,
76,24005492001,24005491701,2,2,1,24005491701__24005491900,24005491701,24005491900,#ff7f0e,1510.3394392373448,True,True,B030089;B0958;S2012030133,
77,24005440702,24005440900,1,1,1,24005440701__24005440702,24005440701,24005440702,#1f77b4,1670.0881705963077,True,True,S2012030082,
77,24005440702,24005440900,2,2,1,24005440701__24005440900,24005440701,24005440900,#ff7f0e,1684.1601614133724,True,True,B1178;S1998030122;S2000030088;S2000030090;S2010030166,
78,24001001800,24001002100,1,1,1,24001001800__24001001900,24001001800,24001001900,#1f77b4,4803.135702607973,True,True,B0562;S2006010023,
78,24001001800,24001002100,2,2,1,24001001900__24001002100,24001001900,24001002100,#ff7f0e,12904.534867075217,True,True,P0001,P0001
79,24005408507,24005408900,1,1,1,24005408506__24005408507,24005408506,24005408507,#1f77b4,3042.243586206394,True,True,S2011030933;S2011030935,
79,24005408507,24005408900,2,2,1,24005408506__24005408900,24005408506,24005408900,#ff7f0e,1339.421223893649,True,True,S2011030936;S2011030937,
80,24027606803,24027606707,1,1,1,24027606803__24027606804,24027606803,24027606804,#1f77b4,2168.0367199868415,True,True,S2011130740,
80,24027606803,24027606707,2,2,1,24027606707__24027606804,24027606707,24027606804,#ff7f0e,3016.575660418602,True,True,P0069;S2000130035;S2000130038,P0069
81,24027602304,24027602201,1,1,1,24027602303__24027602304,24027602303,24027602304,#1f77b4,5149.863996112261,True,True,S2005130023;S2008130015,
81,24027602304,24027602201,2,2,1,24027602201__24027602303,24027602201,24027602303,#ff7f0e,2860.7178000715658,True,True,B130079;B2518,
82,24027606901,24027601204,1,1,1,24027601203__24027606901,24027601203,24027606901,#1f77b4,3373.4095991827962,True,True,B2561;B2562,
82,24027606901,24027601204,2,2,1,24027601203__24027601204,24027601203,24027601204,#ff7f0e,3032.953265423916,True,True,B130057;B2542;S1998130101;S2001130013;S2001130016;S2004130002;S2004130003;S2004130004;S2004130005,
83,24510271501,24510130806,1,1,1,24510130805__24510271501,24510130805,24510271501,#1f77b4,1064.1531692624994,True,True,B240078;S2010240100;S2010240103,
83,24510271501,24510130806,2,2,1,24510130805__24510130806,24510130805,24510130806,#ff7f0e,1100.5163976639085,True,True,B240192;S2006240025;S2010240108;S2010240111,
84,24510170200,24510110200,1,1,1,24510170100__24510170200,24510170100,24510170200,#1f77b4,762.9345022832576,True,True,B240188;B240190,
84,24510170200,24510110200,2,2,1,24510110200__24510170100,24510110200,24510170100,#ff7f0e,759.2139396299608,True,True,B240188;B240190,
85,24021751904,24021751801,1,1,1,24021751901__24021751904,24021751901,24021751904,#1f77b4,2456.5485304161507,True,True,S2007100024;S2017100227,
85,24021751904,24021751801,2,2,1,24021751801__24021751901,24021751801,24021751901,#ff7f0e,5296.744922848651,True,True,S2011100685,
86,24043011100,24043011202,1,1,1,24043011100__24043011201,24043011100,24043011201,#1f77b4,4848.374247297836,True,True,B210006;B210007;B210025,
86,24043011100,24043011202,2,2,1,24043011201__24043011202,24043011201,24043011202,#ff7f0e,10221.168033826647,True,True,B4032;S2011210331,
87,24031700724,24031700816,1,1,1,24031700724__24031700829,24031700724,24031700829,#1f77b4,1127.1256990522718,True,True,S1999150034;S1999150075;S2008150007,
87,24031700724,24031700816,2,2,1,24031700816__24031700829,24031700816,24031700829,#ff7f0e,2731.6356676669234,True,True,B150012,
88,24005401200,24510280200,1,1,1,24005401200__24510280301,24005401200,24510280301,#1f77b4,1937.1168992174075,True,True,B1138;S2009030156;S2010030015;S2010030124,
88,24005401200,24510280200,2,2,1,24510280200__24510280301,24510280200,24510280301,#ff7f0e,983.2960312846527,True,True,S2011031022,
89,24033807407,24033807404,1,1,1,24033807407__24033807408,24033807407,24033807408,#1f77b4,4988.84242948247,True,True,B3350;S1999160066;S2012160373;S2012161301;S2012161303,
89,24033807407,24033807404,2,2,1,24033807404__24033807408,24033807404,24033807408,#ff7f0e,8285.234106812553,True,True,B160004;B160086;B160129;B3186;S2012161017,
90,24031701509,24033807305,1,1,1,24031701509__24033807305,24031701509,24033807305,#1f77b4,26.777532188005303,True,True,S2000150193;S2000150194,
90,24031701509,24033807305,2,2,2,24033807304__24033807305,24033807304,24033807305,#ff7f0e,1943.9028652429774,True,True,B3289,
91,24031702900,24031702402,1,1,1,24031702500__24031702900,24031702500,24031702900,#1f77b4,1022.8774387465795,True,True,S2012150756;S2012150757;S2012150758;S2012150761,
91,24031702900,24031702402,2,2,1,24031702402__24031702500,24031702402,24031702500,#ff7f0e,1489.4671468407425,True,True,B2896;B2962;S2012150761;S2012150763;S2012150981,
92,24043010802,24043001002,1,1,1,24043010801__24043010802,24043010801,24043010802,#1f77b4,5996.825560092555,True,True,B210013;B3901;B3965;S1999210020;S2000210017;S2000210018;S2000210019;S2000210021;S2000210023;S2001210032,
92,24043010802,24043001002,2,2,1,24043001002__24043010801,24043001002,24043010801,#ff7f0e,1108.4566166820123,True,True,B3974,
93,24003750801,24003750900,1,1,1,24003750801__24003750900,24003750801,24003750900,#1f77b4,1490.3501539747463,True,True,B020052;B0684;S2000020105;S2000020106;S2000020107;S2000020109;S2000020110,
93,24003750801,24003750900,2,2,2,24003750804__24003750900,24003750804,24003750900,#ff7f0e,2704.192753549598,True,True,B0617;S2011020893,
94,24031701219,24031700904,1,1,1,24031701102__24031701219,24031701102,24031701219,#1f77b4,1505.6439639523128,True,True,S2012150949;S2012150956,
94,24031701219,24031700904,2,3,1,24031700904__24031701001,24031700904,24031701001,#ff7f0e,2790.1580609677576,True,True,B150072,
95,24021750803,24021750505,1,1,1,24021750801__24021750803,24021750801,24021750803,#1f77b4,2919.8939637668173,True,True,B100038;B1925;B2010;B2011;S2017100237,
95,24021750803,24021750505,2,3,1,24021750600__24021765100,24021750600,24021765100,#ff7f0e,1235.4367983006027,True,True,S2010100013;S2010100014,
96,24025303203,24025304201,1,1,1,24025303203__24025303204,24025303203,24025303204,#1f77b4,2489.6814355121405,True,True,B120018;B2337;S2011120704;S2017120338,
96,24025303203,24025304201,2,3,1,24025304201__24025304202,24025304201,24025304202,#ff7f0e,12517.457855876717,True,True,B2362;S2014120314,
97,24031700710,24031700105,1,1,1,24031700103__24031700710,24031700103,24031700710,#1f77b4,2094.6080632473486,True,True,B150091;S2012150646,
97,24031700710,24031700105,2,2,1,24031700103__24031700105,24031700103,24031700105,#ff7f0e,3831.6780843991983,True,True,B2780;B2781,
98,24033801214,24033801217,1,1,1,24033801207__24033801214,24033801207,24033801214,#1f77b4,1772.4429436129788,True,True,B160136;B3230;S2004160073;S2004160074;S2004160075;S2004160076;S2004160077;S2004160079;S2004160080;S2004160081,
98,24033801214,24033801217,2,2,1,24033801207__24033801217,24033801207,24033801217,#ff7f0e,2086.282469553664,True,True,B3126;S2004160073;S2004160074;S2004160075;S2004160076;S2004160077;S2004160079;S2004160080;S2004160081;S2012161069,
99,24013504100,24013507704,1,2,1,24013507602__24013507801,24013507602,24013507801,#1f77b4,1231.7751421337255,True,True,B060089;B1530,
99,24013504100,24013507704,2,4,1,24013507702__24013507704,24013507702,24013507704,#ff7f0e,2144.5343854767884,True,True,B060097;B1523,
100,24005450503,24005450300,1,1,1,24005450501__24005450503,24005450501,24005450503,#1f77b4,2557.720079134835,True,True,S2012030058;S2012030059;S2012030060,
100,24005450503,24005450300,2,2,1,24005450300__24005450501,24005450300,24005450501,#ff7f0e,1523.958075708124,True,True,B1059;S2001030128;S2012030075,
101,24043010900,24043001002,1,1,1,24043010802__24043010900,24043010802,24043010900,#1f77b4,10270.392907348822,True,True,B4006;S2010210057;S2010210058;S2010210059,
101,24043010900,24043001002,2,2,1,24043001002__24043010802,24043001002,24043010802,#ff7f0e,2161.633698192047,True,True,S2010210057;S2010210058;S2010210059,
102,24005440701,24005440300,1,1,1,24005440701__24005440800,24005440701,24005440800,#1f77b4,1308.9536042583734,True,True,S1998030122;S1998030123;S1998030124;S1998030126,
102,24005440701,24005440300,2,2,1,24005440300__24005440800,24005440300,24005440800,#ff7f0e,1033.7752983613952,True,True,B030002;S2002030039;S2002030046,
103,24005403402,24005404403,1,1,1,24005403402__24005403701,24005403402,24005403701,#1f77b4,1167.2264546144995,True,True,B1192;S1999030079;S1999030080;S1999030081;S1999030084;S1999030085;S1999030086;S1999030088;S1999030089,
103,24005403402,24005404403,2,3,1,24005403702__24005404102,24005403702,24005404102,#ff7f0e,1089.148718956735,True,True,B1027;B1028;S2009030078;S2010030151;S2010030152,
104,24017850802,24017850708,1,1,1,24017850709__24017850802,24017850709,24017850802,#1f77b4,4631.7600009323805,True,True,B1750;S2017080322;S2017080324,
104,24017850802,24017850708,2,2,1,24017850708__24017850709,24017850708,24017850709,#ff7f0e,2962.223881842515,True,True,B080099;B080108,
105,24003730700,24003731103,1,1,1,24003730700__24003730800,24003730700,24003730800,#1f77b4,2851.578129830089,True,True,B020081;S2011020832,
105,24003730700,24003731103,2,2,1,24003730800__24003731103,24003730800,24003731103,#ff7f0e,4982.105498005821,True,True,B020070;B0608;S2004020052;S2004020058;S2004020059;S2011020839;S2013020238,
106,24031702700,24031704200,1,1,1,24031702700__24031704100,24031702700,24031704100,#1f77b4,829.5764248845649,True,True,B150104;B2901;S2012150787;S2012150788,
106,24031702700,24031704200,2,2,1,24031704100__24031704200,24031704100,24031704200,#ff7f0e,1922.0056583428805,True,True,B2795;S2012150740,
107,24027606707,24027606904,1,1,1,24027606707__24027606901,24027606707,24027606901,#1f77b4,4008.87197609038,True,True,B2531;S2000130035;S2000130040;S2001130043;S2001130046,
107,24027606707,24027606904,2,3,2,24027606904__24027606905,24027606904,24027606905,#ff7f0e,3623.2935153031653,True,True,B130075,
108,24031701205,24031704401,1,1,1,24031701205__24031704401,24031701205,24031704401,#1f77b4,652.1506217090885,True,True,S2002150035;S2002150037;S2005150058;S2005150059;S2005150061;S2005150063;S2005150064;S2005150065,
108,24031701205,24031704401,2,2,2,24031701215__24031704401,24031701215,24031704401,#ff7f0e,2332.169484624239,True,True,B2852;S2002150035;S2002150037;S2005150058;S2005150059;S2005150061;S2005150063;S2005150064;S2005150065;S2012150742;S2012150910,
109,24003730601,24003740203,1,1,1,24003730601__24003741000,24003730601,24003741000,#1f77b4,3618.1099971348144,True,True,B0626;S2010020084;S2010020087;S2012021530,
109,24003730601,24003740203,2,2,1,24003740203__24003741000,24003740203,24003741000,#ff7f0e,6173.768382856647,True,True,B020100,
110,24510010300,24510020300,1,1,1,24510010300__24510010400,24510010300,24510010400,#1f77b4,873.6209829314035,True,True,S2005240058;S2012241410,
110,24510010300,24510020300,2,2,1,24510010400__24510020300,24510010400,24510020300,#ff7f0e,950.6523179226479,True,True,S2012241410;S2013240275,
111,24033801905,24033801908,1,1,1,24033801905__24033801907,24033801905,24033801907,#1f77b4,2792.9668668381387,True,True,S2012161161,
111,24033801905,24033801908,2,2,1,24033801907__24033801908,24033801907,24033801908,#ff7f0e,2605.3630309391674,True,True,B3272;S2010160143;S2010160148,
112,24005980000,24005452000,1,1,1,24005452100__24005980000,24005452100,24005980000,#1f77b4,4833.2032320061135,True,True,B1069;S2007030042;S2007030047;S2010030154,
112,24005980000,24005452000,2,2,1,24005452000__24005452100,24005452000,24005452100,#ff7f0e,1467.695810735917,True,True,B1068;B1119;S2012030006,
113,24025303501,24025304202,1,1,1,24025303501__24025303502,24025303501,24025303502,#1f77b4,1399.2438008777483,True,True,B2307;S2011120705,
113,24025303501,24025304202,2,2,1,24025303206__24025303502,24025303206,24025303502,#ff7f0e,2717.370236399274,True,True,B120054,
114,24017850709,24017850801,1,1,2,24017850709__24017850802,24017850709,24017850802,#1f77b4,4631.7600009323805,True,True,B1750;S2017080322;S2017080324,
114,24017850709,24017850801,2,3,1,24017850709__24017850801,24017850709,24017850801,#ff7f0e,162.2679634290276,True,True,B080088;B3123,
115,24031702200,24031701900,1,1,1,24031702200__24031702301,24031702200,24031702301,#1f77b4,1355.0843375396614,True,True,B2923;S2012150760,
115,24031702200,24031701900,2,2,1,24031701900__24031702301,24031701900,24031702301,#ff7f0e,476.05195976067415,True,True,B2858;B2922,
116,24005492300,24005450503,1,1,2,24005450800__24005492300,24005450800,24005492300,#1f77b4,1298.5575592225453,True,True,B030021;S2001030127;S2001030128;S2012030078;S2012030205,
116,24005492300,24005450503,2,4,1,24005450501__24005450503,24005450501,24005450503,#ff7f0e,2557.720079134835,True,True,S2012030058;S2012030059;S2012030060,
117,24005403402,24005403803,1,1,1,24005403402__24005403500,24005403402,24005403500,#1f77b4,1065.2904525079114,True,True,B0996;S2010030035,
117,24005403402,24005403803,2,2,1,24005403500__24005403803,24005403500,24005403803,#ff7f0e,2922.2881992238495,True,True,B1010;S2010030035,
118,24005411309,24005411306,1,1,1,24005411308__24005411309,24005411308,24005411309,#1f77b4,3715.899136639596,True,True,S2012030093,
118,24005411309,24005411306,2,3,2,24005411303__24005411306,24005411303,24005411306,#ff7f0e,1729.989885427717,True,True,S2012030086;S2012030089,
119,24033802203,24033802104,1,1,1,24033802104__24033802203,24033802104,24033802203,#1f77b4,642.6148098783331,True,True,B3120;S2000160214;S2000160215,
119,24033802203,24033802104,2,2,2,24033802103__24033802104,24033802103,24033802104,#ff7f0e,1197.6788341837605,True,True,B3120;S2012161153,
120,24021751004,24021750503,1,1,1,24021750506__24021751004,24021750506,24021751004,#1f77b4,3410.9397474350044,True,True,B1943;S2006100021;S2006100023,
120,24021751004,24021750503,2,2,1,24021750503__24021750506,24021750503,24021750506,#ff7f0e,1923.5062012452242,True,True,B1938,
