source,state,year,segment_id,route_id,route_name,observed_aadt,observed_truck_aadt_single_unit,observed_truck_aadt_combination,functional_class,county_fips,through_lanes,speed_limit,temporal_type,count_date,count_month,count_time_period,geometry_wkt
mdot_sha_aadt,md,2018,11,04000MD00768--1-----,Dares Wharf Rd,711.0,,,7,24009,2,,annual_average,,,,"LINESTRING (-76.524047 38.555347, -76.524022 38.555415, -76.524009 38.555462, -76.523993 38.555536, -76.523975 38.555639, -76.523938 38.55573, -76.523913 38.5558, -76.523887 38.555859, -76.523856 38.555921, -76.523828 38.555966, -76.523797 38.556009, -76.523762 38.556051, -76.523724 38.55609, -76.523682 38.556128, -76.523615 38.55618, -76.523547 38.556231, -76.523477 38.556281, -76.523406 38.556331, -76.523334 38.55638, -76.523256 38.556432, -76.523178 38.556485, -76.5231 38.556538, -76.523023 38.556592, -76.522947 38.556646, -76.522787 38.556762, -76.522608 38.556893, -76.522458 38.557003, -76.522265 38.557141, -76.52205 38.557286, -76.521903 38.557384, -76.521773 38.557471, -76.521628 38.557566, -76.521448 38.55769, -76.521222 38.557857, -76.521012 38.558011, -76.520901 38.55809, -76.520798 38.558164, -76.520718 38.558216, -76.520637 38.558265, -76.520553 38.558312, -76.520468 38.558358, -76.520381 38.558401, -76.520316 38.558431, -76.520248 38.55846, -76.520179 38.558485, -76.520109 38.558507, -76.520036 38.558527, -76.519967 38.55854, -76.519896 38.558551, -76.519825 38.558559, -76.519753 38.558565, -76.519682 38.558568, -76.519615 38.558569, -76.519549 38.558575, -76.519484 38.558584, -76.51942 38.558598, -76.519357 38.558615, -76.5193 38.558638, -76.519247 38.558668, -76.5192 38.558703, -76.519159 38.558742, -76.519126 38.558786, -76.519095 38.558834, -76.519068 38.558883, -76.519042 38.558933, -76.51902 38.558984, -76.518999 38.559036, -76.518977 38.5591, -76.518954 38.559165, -76.518931 38.55923, -76.518908 38.559294, -76.518883 38.559358, -76.518859 38.559407, -76.518834 38.559456, -76.518808 38.559504, -76.518781 38.559552, -76.518752 38.5596, -76.518709 38.559665, -76.518667 38.55973, -76.518628 38.559797, -76.51859 38.559863, -76.518558 38.559921, -76.518528 38.559993, -76.518509 38.560058, -76.518496 38.560123, -76.51849 38.560189, -76.518491 38.560255, -76.518497 38.560319, -76.518507 38.560382, -76.518518 38.560446, -76.518531 38.560509, -76.518547 38.560572, -76.51856 38.560622, -76.518569 38.560673, -76.518577 38.560724, -76.518582 38.560776, -76.518585 38.560827, -76.518585 38.56088, -76.518578 38.560932, -76.518562 38.560983, -76.518539 38.561032, -76.518509 38.561079, -76.518467 38.561135, -76.518424 38.56119, -76.51838 38.561246, -76.518334 38.5613, -76.518288 38.561354, -76.518245 38.561402, -76.518203 38.56145, -76.518139 38.561498, -76.518079 38.561548, -76.517936 38.561714, -76.517847 38.561717, -76.517785 38.561722, -76.517714 38.561722, -76.517635 38.561723, -76.517572 38.561723, -76.517501 38.561724, -76.517428 38.561724, -76.517353 38.561724, -76.517277 38.561725, -76.517189 38.561728, -76.517127 38.561731, -76.517041 38.561734, -76.516945 38.561736, -76.516849 38.561739, -76.516741 38.561741, -76.516657 38.561743, -76.516576 38.561745, -76.51651 38.561747, -76.516444 38.561748, -76.516379 38.561747, -76.516281 38.561744)"
mdot_sha_aadt,md,2018,36,04000CO00133--1-----,Mt Harmony Rd,5361.0,,,5,24009,2,,annual_average,,,,"LINESTRING (-76.647726 38.703985, -76.64756 38.70397, -76.647398 38.703957, -76.64719 38.703947, -76.646911 38.703936, -76.64665 38.703922, -76.64644 38.703911, -76.646123 38.703894, -76.645956 38.703886, -76.645853 38.703881, -76.645779 38.703875, -76.645706 38.703868, -76.645588 38.703863, -76.645279 38.703846, -76.645022 38.703832, -76.644955 38.703831, -76.644888 38.70383, -76.644821 38.703832, -76.644754 38.703835, -76.644688 38.70384, -76.644621 38.703846, -76.644555 38.703854, -76.64449 38.703863, -76.644423 38.703873, -76.644356 38.703884, -76.644289 38.703896, -76.644223 38.703909, -76.644157 38.703923, -76.644092 38.703938, -76.644051 38.703948, -76.644003 38.703958, -76.643951 38.703974, -76.643911 38.703988, -76.643893 38.703993, -76.643858 38.704004, -76.643812 38.704022, -76.643774 38.704039, -76.64373 38.704056, -76.643688 38.704077, -76.643648 38.704099, -76.643597 38.704131, -76.643548 38.704164, -76.6435 38.704198, -76.643453 38.704234, -76.643413 38.704269, -76.643374 38.704306, -76.643326 38.704346, -76.643281 38.704385, -76.643039 38.704622, -76.642738 38.704937, -76.642471 38.705222, -76.642315 38.705391, -76.642181 38.705525, -76.641919 38.705795, -76.641748 38.705967, -76.641671 38.706037, -76.641576 38.706132, -76.64151 38.706191, -76.641374 38.706324, -76.6413 38.706392, -76.641247 38.706439, -76.641197 38.70648, -76.641147 38.706521, -76.641098 38.70656, -76.641043 38.706603, -76.640988 38.70664, -76.640858 38.706735, -76.640631 38.706873, -76.640446 38.706973, -76.640261 38.707063, -76.640222 38.707081, -76.64022 38.707082, -76.640132 38.707121, -76.640044 38.707158, -76.639955 38.707194, -76.639865 38.70723, -76.639691 38.707288, -76.639279 38.707412, -76.638932 38.707514, -76.638915 38.707519, -76.638682 38.707588, -76.638405 38.707668, -76.638404 38.707668, -76.638019 38.707762, -76.637632 38.707841, -76.637518 38.707861, -76.637403 38.707879, -76.637287 38.707895, -76.637171 38.707909, -76.637055 38.707922, -76.636939 38.707933, -76.636329 38.707978, -76.635841 38.708014, -76.635415 38.708043, -76.635065 38.708067, -76.634591 38.7081, -76.634132 38.708135, -76.63391 38.708153, -76.633726 38.708168, -76.633574 38.708185, -76.633423 38.708202, -76.633272 38.70822, -76.633121 38.708238, -76.632329 38.70835, -76.631452 38.708474, -76.631141 38.708519, -76.630745 38.708576, -76.630349 38.708633, -76.629953 38.708691, -76.629558 38.708749, -76.629162 38.708807, -76.629067 38.70882, -76.628666 38.708879, -76.628254 38.708938, -76.62792 38.708989, -76.627567 38.709041, -76.627238 38.709082, -76.627016 38.709103, -76.626918 38.70911, -76.62682 38.709113, -76.626721 38.709114, -76.626622 38.709112, -76.626524 38.709107, -76.626467 38.709102, -76.626411 38.709096, -76.626355 38.709089, -76.6263 38.709082, -76.626244 38.709073, -76.626189 38.709063, -76.626133 38.709052, -76.626079 38.709041, -76.626025 38.709028, -76.625971 38.709014, -76.625895 38.708992, -76.625843 38.708974, -76.625759 38.708944, -76.625677 38.708912, -76.625596 38.708877, -76.62552 38.708841, -76.625447 38.708804, -76.625375 38.708766, -76.625304 38.708727, -76.625235 38.708685, -76.624974 38.708508, -76.624951 38.708493, -76.624712 38.708315, -76.624437 38.70811, -76.624183 38.707917, -76.623921 38.707715, -76.623776 38.707596, -76.623625 38.707473, -76.623375 38.707249, -76.623198 38.707077, -76.623099 38.706973, -76.623031 38.706901, -76.622902 38.706753, -76.622754 38.706579, -76.622701 38.706509, -76.622657 38.706451, -76.622579 38.706349, -76.622307 38.705979, -76.622066 38.705653, -76.621834 38.705338, -76.621576 38.704993, -76.621369 38.704713, -76.621318 38.704649, -76.621233 38.70454, -76.621155 38.704441, -76.620975 38.704215, -76.62077 38.703974, -76.620567 38.703741, -76.620422 38.703571, -76.620323 38.703454, -76.620151 38.703263, -76.61992 38.703005, -76.619663 38.702716, -76.619572 38.702614, -76.619455 38.702485, -76.619288 38.702299, -76.619106 38.702102, -76.618851 38.701816, -76.618579 38.701509, -76.618382 38.701287, -76.618285 38.701179, -76.618219 38.701105, -76.618142 38.701018, -76.618067 38.700938, -76.617957 38.70082, -76.617904 38.700766, -76.617848 38.700714, -76.617792 38.700663, -76.617732 38.700613, -76.617672 38.700564, -76.61761 38.700517, -76.617547 38.700472, -76.617481 38.700429, -76.617413 38.700388, -76.617343 38.700349, -76.617272 38.700313, -76.617201 38.700279, -76.617129 38.700246, -76.617056 38.700215, -76.616982 38.700185, -76.616744 38.700093, -76.616549 38.700023, -76.616299 38.699937, -76.616051 38.699858, -76.615995 38.699841, -76.615823 38.69979, -76.615634 38.69974, -76.615557 38.699723, -76.61548 38.699707, -76.615403 38.699691, -76.615325 38.699677, -76.615247 38.699664, -76.615109 38.699645, -76.615021 38.699632, -76.614675 38.699594, -76.614304 38.699557, -76.614018 38.699532, -76.613871 38.699518, -76.613719 38.699504, -76.613616 38.699495, -76.61328 38.699463, -76.613021 38.699438, -76.612878 38.699424, -76.612723 38.699409, -76.612336 38.699372, -76.612227 38.699361, -76.612087 38.699348, -76.611953 38.699336, -76.611815 38.699323, -76.611693 38.699313, -76.611499 38.699295, -76.611344 38.699282, -76.611227 38.699272, -76.611111 38.699262, -76.610991 38.699252, -76.610846 38.699239, -76.610706 38.699227, -76.610562 38.699212, -76.610417 38.699197, -76.610287 38.699184, -76.610136 38.699168, -76.609998 38.699154, -76.609821 38.699135, -76.609663 38.699118, -76.609513 38.699101, -76.609373 38.699086, -76.609231 38.699071, -76.60905 38.69905, -76.608882 38.699031, -76.608721 38.69901, -76.608627 38.698999, -76.608548 38.69899, -76.608396 38.698971, -76.608243 38.698953, -76.6081 38.698933, -76.607973 38.698917, -76.60786 38.6989, -76.607716 38.698881, -76.607526 38.698854, -76.607328 38.698825, -76.60707 38.69879)"
mdot_sha_aadt,md,2018,59,04000MD00002--1-----,Solomons Island Rd,14211.0,,,3,24009,3,,annual_average,,,,"LINESTRING (-76.606815 38.66031, -76.606857 38.660409, -76.606894 38.660496, -76.60694 38.660597, -76.606966 38.660656, -76.607017 38.660764, -76.606967 38.660851, -76.606938 38.660892, -76.606908 38.660929, -76.606869 38.660975, -76.606829 38.661021, -76.606789 38.661066, -76.606706 38.661158, -76.606062 38.6619, -76.604673 38.663543, -76.604595 38.663635, -76.604396 38.663872, -76.604189 38.664114, -76.60397 38.664371, -76.603747 38.664634, -76.603546 38.66487, -76.603314 38.665142, -76.603085 38.665417, -76.60286 38.665682, -76.602624 38.665959, -76.602417 38.666203, -76.602256 38.666392, -76.602032 38.666654, -76.601836 38.666884, -76.601731 38.667011, -76.601696 38.667053, -76.60154 38.667237, -76.60141 38.667393, -76.601232 38.667604, -76.601108 38.66775, -76.600954 38.667928, -76.600719 38.668204, -76.600546 38.668411, -76.600465 38.668508, -76.600362 38.668631, -76.600283 38.668724, -76.600146 38.668885, -76.599949 38.669127, -76.599707 38.669411, -76.599584 38.669556, -76.599523 38.669628, -76.599457 38.669706, -76.599257 38.669944, -76.599042 38.670197, -76.598889 38.670374, -76.598717 38.670577, -76.598674 38.670627, -76.598601 38.670714, -76.59857 38.670751, -76.598457 38.670885, -76.598276 38.671097, -76.598212 38.671173, -76.598097 38.671309, -76.597987 38.67144, -76.597898 38.671553, -76.597824 38.671643, -76.597744 38.671746, -76.59763 38.671899, -76.597518 38.672057, -76.597403 38.672222, -76.597299 38.672387, -76.597266 38.672439, -76.597233 38.67249, -76.5972 38.672542, -76.597169 38.672595, -76.597138 38.672647, -76.597107 38.6727, -76.597078 38.672753, -76.597048 38.672806, -76.59702 38.672859, -76.596991 38.672913, -76.596965 38.67296, -76.59694 38.673008, -76.596914 38.673056, -76.59689 38.673103, -76.596865 38.673151, -76.596841 38.673199, -76.596817 38.673248, -76.596794 38.673296, -76.596771 38.673344, -76.596749 38.673393, -76.596598 38.673756, -76.59656 38.673846, -76.596347 38.674436, -76.596166 38.675037, -76.596061 38.675461, -76.596006 38.675758, -76.595971 38.675943, -76.595911 38.67634, -76.595868 38.676756, -76.595853 38.676978, -76.595839 38.677223, -76.595833 38.677457, -76.595836 38.677759, -76.595851 38.678117, -76.595873 38.678456, -76.595916 38.678866, -76.595932 38.678985, -76.595943 38.679067, -76.595984 38.679303, -76.596027 38.679537, -76.596097 38.679865, -76.596159 38.68011, -76.596223 38.680346, -76.596281 38.680535, -76.596359 38.680781, -76.596417 38.680954, -76.596462 38.681076, -76.596508 38.6812, -76.596567 38.681352, -76.596677 38.681622, -76.596754 38.681796, -76.596821 38.681943, -76.596851 38.682007, -76.596908 38.682124, -76.596958 38.682224, -76.597015 38.682332, -76.597076 38.682449, -76.597115 38.682522, -76.597163 38.682609, -76.597227 38.682719, -76.597306 38.682855, -76.597366 38.682957, -76.597426 38.683057, -76.597502 38.683175, -76.59757 38.683287, -76.597647 38.683399, -76.597718 38.683507, -76.597817 38.683653, -76.59795 38.683846, -76.598221 38.684225, -76.598494 38.684612, -76.598832 38.685092, -76.599241 38.685673, -76.599441 38.685959, -76.599645 38.686248, -76.599848 38.686539, -76.600051 38.686828, -76.600188 38.687023, -76.600253 38.687115, -76.600399 38.687324, -76.6006 38.687608, -76.600807 38.687902, -76.601009 38.688187, -76.601211 38.688476, -76.601411 38.688764, -76.601454 38.688824, -76.601609 38.689048, -76.601762 38.689264, -76.601953 38.689539, -76.602151 38.689818, -76.602324 38.690062, -76.602492 38.690296, -76.60263 38.690496, -76.602837 38.690792, -76.602964 38.690969, -76.603075 38.691124, -76.60329 38.691428, -76.603543 38.691788, -76.603755 38.692089, -76.604038 38.692489, -76.604384 38.692981, -76.604652 38.693365, -76.604851 38.693654, -76.604992 38.693864, -76.605101 38.694026, -76.605166 38.694126, -76.605212 38.694197, -76.605247 38.694252, -76.605302 38.69434, -76.605378 38.694468, -76.605461 38.694605, -76.605553 38.69476, -76.605628 38.694895, -76.605714 38.69505, -76.605821 38.695252, -76.605909 38.695425, -76.605984 38.695578, -76.606062 38.695743, -76.606124 38.695875, -76.606176 38.695987, -76.606223 38.69609, -76.606275 38.696215, -76.606335 38.696355, -76.606385 38.696483, -76.606436 38.696618, -76.606493 38.696761, -76.606547 38.696902, -76.606598 38.69705, -76.606651 38.697208, -76.606706 38.697375, -76.606768 38.697577, -76.606822 38.69777, -76.606899 38.698049, -76.606969 38.69833, -76.606991 38.698431, -76.607031 38.698612, -76.60707 38.69879)"
mdot_sha_aadt,md,2018,75,04000MD00509--1-----,Governor Run Rd,595.0,,,7,24009,2,,annual_average,,,,"LINESTRING (-76.520837 38.498882, -76.520443 38.498919, -76.520169 38.498956, -76.519748 38.49901, -76.519212 38.499075, -76.518966 38.499107, -76.518779 38.499131, -76.51827 38.499196, -76.517758 38.49926, -76.517265 38.499323, -76.516948 38.499364, -76.516564 38.499413, -76.516159 38.499465, -76.515853 38.499504, -76.515604 38.499538, -76.515232 38.499582, -76.514881 38.499627, -76.514551 38.499669, -76.514165 38.499717, -76.51372 38.499771, -76.513268 38.499826, -76.512802 38.499887, -76.512326 38.499948, -76.511904 38.500001, -76.511478 38.500054, -76.510971 38.500118, -76.510386 38.500189, -76.510223 38.50021, -76.509661 38.500282, -76.509119 38.500352, -76.508635 38.500413, -76.508498 38.500432, -76.508361 38.500448, -76.508224 38.500463, -76.508086 38.500477, -76.507948 38.500488, -76.50781 38.500498, -76.507672 38.500506, -76.507533 38.500512, -76.507395 38.500516, -76.507256 38.500519, -76.506795 38.500506, -76.506533 38.500489, -76.506364 38.500477, -76.506011 38.500436, -76.505932 38.500424, -76.505853 38.500411, -76.505774 38.500397, -76.505695 38.500383, -76.505617 38.500369, -76.505538 38.500354, -76.50546 38.500339, -76.505381 38.500323, -76.505303 38.500306, -76.505225 38.500289, -76.505122 38.500267, -76.505018 38.500245, -76.504915 38.500222, -76.504811 38.5002, -76.504708 38.500178, -76.504605 38.500156, -76.504501 38.500134, -76.504398 38.500111, -76.504294 38.500089, -76.504191 38.500067, -76.50389 38.500003, -76.503687 38.499959, -76.50349 38.499918, -76.503405 38.499902)"
mdot_sha_aadt,md,2018,97,10000MD00140--1-----,E Main St,9010.0,,,4,24021,2,,annual_average,,,,"LINESTRING (-77.310915 39.701984, -77.311053 39.702065, -77.311155 39.702119, -77.311249 39.702164, -77.311341 39.702206, -77.311427 39.702243, -77.311635 39.70231, -77.311671 39.70232, -77.31174 39.702338, -77.311798 39.702353, -77.311894 39.702375, -77.312195 39.702437, -77.3126 39.702511, -77.313971 39.702759, -77.314124 39.702783, -77.314272 39.702808, -77.314297 39.702813, -77.314958 39.702934, -77.315185 39.702974, -77.315425 39.703011, -77.315622 39.703039, -77.315743 39.703053, -77.315869 39.703065, -77.315987 39.703072, -77.316167 39.703075, -77.316339 39.703073, -77.316478 39.703068, -77.316879 39.703036, -77.31696 39.703025, -77.317069 39.703009, -77.317145 39.702995, -77.317179 39.702988, -77.317394 39.702949, -77.317717 39.702894, -77.317831 39.702879, -77.317988 39.702862, -77.31805 39.702856, -77.318179 39.70285, -77.318303 39.702849, -77.318445 39.702853, -77.318577 39.702862, -77.318719 39.702876, -77.318803 39.702888, -77.318883 39.702902, -77.318945 39.702914, -77.319062 39.702937, -77.319269 39.702982, -77.319433 39.70302, -77.320897 39.703348, -77.322026 39.703605, -77.322516 39.703719, -77.323134 39.703861, -77.323798 39.70401, -77.324902 39.704253, -77.32557 39.704406, -77.325971 39.704497, -77.326394 39.70459, -77.326863 39.704697)"
mdot_sha_aadt,md,2018,119,04000CO01311--1-----,Rio Grande Tr,721.0,,,6,24009,2,,annual_average,,,,"LINESTRING (-76.419628 38.339675, -76.419707 38.33963, -76.419753 38.339602, -76.419793 38.339561, -76.419833 38.339522, -76.419881 38.339481, -76.419925 38.339447, -76.419972 38.339413, -76.420025 38.339377, -76.420075 38.339343, -76.420121 38.339312, -76.42017 38.339281, -76.420225 38.33925, -76.420286 38.339216, -76.420336 38.339188, -76.420387 38.339159, -76.420441 38.339129, -76.420499 38.339098, -76.420557 38.339066, -76.420628 38.33903, -76.42069 38.338998, -76.420741 38.338969, -76.420788 38.338941, -76.420846 38.338902, -76.420895 38.338861, -76.420932 38.338821, -76.420964 38.338772, -76.420987 38.338722, -76.421031 38.338663, -76.421055 38.338563, -76.42112 38.338493, -76.421174 38.338461, -76.421236 38.338424, -76.421299 38.338388, -76.421353 38.338357, -76.421408 38.338327, -76.421469 38.338295, -76.42153 38.338264, -76.421586 38.338234, -76.421642 38.338204, -76.421707 38.338166, -76.421773 38.338127, -76.421835 38.338092, -76.421896 38.338055, -76.421947 38.338022, -76.422027 38.337965, -76.422067 38.337932, -76.422118 38.33789, -76.422166 38.337847, -76.422218 38.3378, -76.42226 38.337763, -76.4223 38.337725, -76.422344 38.337683, -76.422391 38.337637, -76.422438 38.33759, -76.422491 38.337539, -76.422551 38.337484, -76.422611 38.337428, -76.42268 38.337363, -76.422719 38.337324, -76.422758 38.337286, -76.422796 38.337247, -76.422834 38.337208, -76.422872 38.337169, -76.422923 38.337116, -76.42297 38.337064, -76.423012 38.337015, -76.42305 38.336967, -76.423087 38.336919, -76.423129 38.336867, -76.42317 38.336815, -76.423202 38.336776, -76.423225 38.336747, -76.423269 38.336683, -76.423302 38.336627, -76.423354 38.336552, -76.423407 38.336478, -76.423459 38.336404, -76.423489 38.33636, -76.42352 38.336316, -76.42355 38.336272, -76.42358 38.336228, -76.423611 38.336184, -76.423642 38.33614, -76.423689 38.336074, -76.423737 38.336009, -76.423785 38.335944, -76.423833 38.335878, -76.423881 38.335813, -76.423928 38.335747, -76.423965 38.335697, -76.424 38.335646, -76.424036 38.335594, -76.424072 38.335543, -76.424107 38.335492, -76.424143 38.335441, -76.424189 38.335378, -76.424229 38.335321, -76.424258 38.335281, -76.424287 38.335241, -76.424315 38.3352, -76.42436 38.335136, -76.424389 38.335094, -76.424427 38.335038, -76.424458 38.334985, -76.42449 38.334926, -76.424516 38.334869, -76.424536 38.334816, -76.424553 38.334762, -76.424569 38.334707, -76.424587 38.334646, -76.424603 38.334598, -76.424619 38.33455, -76.424638 38.334484, -76.424656 38.334399, -76.424673 38.334315, -76.424693 38.334228, -76.424708 38.334162, -76.424724 38.334096, -76.424744 38.334007, -76.424753 38.333962, -76.424762 38.333916, -76.424771 38.33387, -76.424781 38.333824, -76.42479 38.333778, -76.4248 38.333732, -76.424818 38.333656, -76.424837 38.333579, -76.424855 38.333503, -76.424869 38.333445, -76.424882 38.333386)"
mdot_sha_aadt,md,2018,127,04000CO00035--1-----,Emmanuel Church Rd,2395.0,,,5,24009,2,,annual_average,,,,"LINESTRING (-76.545188 38.588955, -76.545198 38.588888, -76.545204 38.588823, -76.545207 38.58878, -76.54521 38.588717, -76.545212 38.588636, -76.545213 38.588555, -76.545211 38.588474, -76.545207 38.588393, -76.5452 38.588306, -76.545192 38.58826, -76.545182 38.588214, -76.545169 38.588168, -76.545154 38.588124, -76.545136 38.588079, -76.545115 38.588036, -76.545092 38.587993, -76.545066 38.587951, -76.545037 38.587911, -76.544997 38.587858, -76.544957 38.587805, -76.544919 38.587751, -76.544881 38.587697, -76.544845 38.587642, -76.544798 38.58757, -76.544755 38.587496, -76.544718 38.58742, -76.544685 38.587343, -76.544658 38.587264, -76.544639 38.587207, -76.544621 38.58715, -76.544602 38.587094, -76.544582 38.587037, -76.544562 38.58698, -76.544542 38.586924, -76.544521 38.586867, -76.5445 38.586811, -76.544479 38.586755, -76.544457 38.586699, -76.544431 38.586639, -76.544402 38.586579, -76.54437 38.58652, -76.544338 38.586462, -76.544303 38.586405, -76.544265 38.586348, -76.544226 38.586292, -76.544185 38.586237, -76.544142 38.586183, -76.544097 38.58613, -76.543877 38.585877, -76.543677 38.585641, -76.543625 38.585579, -76.543386 38.585297, -76.543015 38.584903, -76.542965 38.584852, -76.542913 38.584802, -76.54286 38.584753, -76.542804 38.584705, -76.542747 38.584658, -76.542677 38.584605, -76.542642 38.58458, -76.542627 38.58457, -76.542565 38.584527, -76.542501 38.584486, -76.542436 38.584447, -76.54236 38.584405, -76.542283 38.584365, -76.542204 38.584327, -76.542123 38.584291, -76.542041 38.584257, -76.541644 38.584092, -76.541589 38.58407, -76.541534 38.584047, -76.54148 38.584023, -76.541383 38.583975, -76.541311 38.583934, -76.541243 38.583893, -76.54118 38.583852, -76.541135 38.583819, -76.541064 38.583767, -76.540996 38.583712, -76.540931 38.583655, -76.54087 38.583596, -76.540812 38.583535, -76.540774 38.583491, -76.540737 38.583447, -76.5407 38.583404, -76.540664 38.58336, -76.540627 38.583315, -76.540591 38.583271, -76.540555 38.583227, -76.54052 38.583182, -76.540484 38.583137, -76.54045 38.583092, -76.54042 38.583052, -76.54039 38.583012, -76.540361 38.582972, -76.540331 38.582932, -76.540302 38.582891, -76.540273 38.582851, -76.540245 38.58281, -76.540216 38.58277, -76.540187 38.582729, -76.540159 38.582688, -76.540113 38.582616, -76.540068 38.582543, -76.540025 38.582469, -76.539984 38.582395, -76.539944 38.58232, -76.539921 38.58227, -76.539896 38.582208, -76.53987 38.582137, -76.539844 38.582065, -76.539818 38.581993, -76.539793 38.581921, -76.539763 38.58184, -76.539744 38.581796, -76.539724 38.581753, -76.539702 38.581709, -76.539679 38.581666, -76.539654 38.581624, -76.539628 38.581582, -76.539601 38.581541, -76.539572 38.5815, -76.539542 38.58146, -76.539398 38.581262, -76.539191 38.580983, -76.539044 38.580785, -76.538913 38.580606, -76.538712 38.580348, -76.538654 38.580285, -76.538594 38.580225, -76.53853 38.580166, -76.538464 38.58011, -76.538394 38.580056, -76.538318 38.580002, -76.538243 38.579948, -76.538168 38.579893, -76.538095 38.579837, -76.538022 38.579781, -76.53798 38.579746, -76.53794 38.579711, -76.5379 38.579675, -76.537861 38.579639, -76.537824 38.579601, -76.537788 38.579563, -76.537754 38.579524, -76.537721 38.579485, -76.537689 38.579444, -76.537658 38.579403, -76.537626 38.579357, -76.537596 38.57931, -76.537568 38.579262, -76.537542 38.579213, -76.537517 38.579164, -76.53749 38.579102)"
mdot_sha_aadt,md,2018,160,04000MD00765Q-1-----,H G Trueman Rd,8431.0,,,5,24009,2,,annual_average,,,,"LINESTRING (-76.45796 38.350515, -76.457917 38.35058, -76.457876 38.350645, -76.457832 38.35071, -76.457803 38.350753, -76.457773 38.350795, -76.457743 38.350837, -76.457713 38.350879, -76.457683 38.350921, -76.457653 38.350963, -76.457622 38.351006, -76.457591 38.351049, -76.457561 38.351091, -76.457531 38.351134, -76.4575 38.351177, -76.45747 38.351219, -76.457432 38.351272, -76.457395 38.351324, -76.457358 38.351376, -76.45732 38.351429, -76.457283 38.351481, -76.457246 38.351533, -76.457219 38.351572, -76.457192 38.35161, -76.457165 38.351649, -76.457138 38.351687, -76.45711 38.351725, -76.457083 38.351763, -76.45705 38.351807, -76.457016 38.351851, -76.456983 38.351894, -76.456949 38.351938, -76.456915 38.351981, -76.456882 38.352024, -76.456846 38.352068, -76.456809 38.352111, -76.456773 38.352152, -76.456736 38.352192, -76.456694 38.352237, -76.456651 38.352282, -76.456607 38.352327, -76.456568 38.352366, -76.456529 38.352405, -76.456488 38.352444, -76.456442 38.352487, -76.456395 38.352529, -76.456347 38.352571, -76.456298 38.352616, -76.456248 38.352661, -76.456198 38.352705, -76.45615 38.352745, -76.456101 38.352785, -76.456052 38.352825, -76.456005 38.352863, -76.455957 38.3529, -76.455909 38.352937, -76.455855 38.352979, -76.4558 38.353021, -76.455745 38.353061, -76.455693 38.353098, -76.455642 38.353135, -76.455589 38.353171, -76.455531 38.35321, -76.455472 38.353248, -76.455413 38.353286, -76.455353 38.353323, -76.455292 38.35336, -76.455232 38.353396, -76.455161 38.353437, -76.45509 38.353478, -76.455018 38.353518, -76.454951 38.353556, -76.454884 38.353593, -76.454816 38.353631, -76.454746 38.35367, -76.454677 38.353709, -76.454607 38.353748, -76.454527 38.353793, -76.454446 38.353839, -76.454366 38.353885, -76.454285 38.353931, -76.454204 38.353979, -76.454124 38.354027, -76.454068 38.354063, -76.454012 38.354099, -76.453957 38.354135, -76.4539 38.354173, -76.453842 38.354212, -76.453786 38.354251, -76.453734 38.354287, -76.453684 38.354324, -76.453634 38.354362, -76.453588 38.354398, -76.453542 38.354434, -76.453497 38.35447, -76.453446 38.354512, -76.453395 38.354553, -76.453345 38.354595, -76.453299 38.354635, -76.453255 38.354674, -76.45321 38.354714, -76.453165 38.354755, -76.45312 38.354796, -76.453076 38.354837, -76.453034 38.354877, -76.452993 38.354918, -76.452952 38.354958, -76.4529 38.35501, -76.452849 38.355063, -76.452798 38.355115, -76.452752 38.355165, -76.452707 38.355215, -76.452662 38.355265, -76.452618 38.355318, -76.452575 38.355371, -76.452532 38.355424, -76.452489 38.355477, -76.452471 38.355501, -76.452447 38.355531, -76.452406 38.355586, -76.452372 38.355633, -76.452338 38.35568, -76.452306 38.355727, -76.452265 38.355789, -76.452225 38.35585, -76.452186 38.355912, -76.452155 38.355964, -76.452125 38.356016, -76.452095 38.356068, -76.452066 38.356117, -76.452038 38.356166, -76.452011 38.356215, -76.45199 38.356256, -76.451969 38.356296, -76.451948 38.356336, -76.451927 38.356377, -76.451908 38.356418, -76.451888 38.356459, -76.451861 38.356521, -76.451835 38.356584, -76.451809 38.356647, -76.451783 38.356711, -76.451757 38.356775, -76.451733 38.356839, -76.451713 38.356897, -76.451694 38.356955, -76.451676 38.357013, -76.451652 38.357095, -76.45163 38.357177, -76.451608 38.357259, -76.451597 38.357303, -76.451586 38.357347, -76.451575 38.357391, -76.451565 38.357436, -76.451555 38.35748, -76.451545 38.357524, -76.451532 38.357587, -76.451519 38.35765, -76.451507 38.357713, -76.451494 38.357776, -76.451482 38.357839, -76.451469 38.357902, -76.451457 38.357953, -76.451446 38.358003, -76.451434 38.358054, -76.451423 38.358105, -76.451411 38.358155, -76.4514 38.358206, -76.45139 38.358254, -76.45138 38.358302, -76.45137 38.35835, -76.45136 38.358398, -76.451351 38.358446, -76.45134 38.358494, -76.451328 38.358552, -76.451315 38.35861, -76.451302 38.358668, -76.451289 38.358726, -76.451277 38.358784, -76.451264 38.358842, -76.451255 38.358888, -76.451245 38.358935, -76.451236 38.358981, -76.451227 38.359028, -76.451218 38.359074, -76.451208 38.359121, -76.451199 38.359166, -76.45119 38.359211, -76.45118 38.359257, -76.451171 38.359302, -76.451162 38.359347, -76.451152 38.359393, -76.451143 38.359436, -76.451135 38.359479, -76.451126 38.359522, -76.451117 38.359565, -76.451109 38.359608, -76.4511 38.359651, -76.451083 38.359734, -76.451067 38.359817, -76.451051 38.3599, -76.451037 38.359963, -76.451024 38.360025, -76.451011 38.360088, -76.450995 38.360167, -76.450978 38.360246, -76.450961 38.360325, -76.450943 38.360401, -76.450922 38.360489, -76.450907 38.360553, -76.450889 38.360628, -76.45087 38.360704, -76.450852 38.360779, -76.450835 38.360842, -76.450817 38.360904, -76.450799 38.360966, -76.45078 38.361028, -76.450761 38.36109, -76.45074 38.361152, -76.450721 38.361205, -76.450702 38.361258, -76.450682 38.36131, -76.450658 38.36137, -76.450633 38.361429, -76.450609 38.361488, -76.450547 38.36161, -76.450494 38.361719, -76.450433 38.361836, -76.450396 38.361903, -76.450362 38.361965, -76.450333 38.362016, -76.450304 38.362068, -76.450275 38.362119, -76.450245 38.362171, -76.450216 38.362222, -76.450186 38.362273, -76.450162 38.362314, -76.450138 38.362355, -76.450113 38.362396, -76.450089 38.362436, -76.450065 38.362477, -76.45004 38.362517, -76.450016 38.362559, -76.449991 38.362601, -76.449966 38.362642, -76.449942 38.362684, -76.449917 38.362726, -76.449892 38.362767, -76.449844 38.362845, -76.449797 38.362922, -76.44975 38.363, -76.449725 38.36304, -76.449628 38.363254, -76.449566 38.363293, -76.449453 38.363591, -76.449434 38.363651, -76.449415 38.363693, -76.449393 38.363734, -76.449351 38.363794, -76.449302 38.363851, -76.449244 38.363902, -76.44918 38.363948, -76.449139 38.363973, -76.449104 38.364004, -76.449077 38.364039, -76.449059 38.364077, -76.44905 38.364117, -76.449051 38.364158, -76.44906 38.364198, -76.44908 38.364236, -76.449079 38.364275, -76.449075 38.364314, -76.449068 38.364353, -76.449056 38.364391, -76.449031 38.36445, -76.448997 38.364506, -76.448894 38.364767, -76.448847 38.364906, -76.448854 38.364966, -76.448835 38.365038, -76.448818 38.365108, -76.448802 38.365177, -76.448787 38.365247, -76.448771 38.365316, -76.448761 38.36536, -76.448751 38.365405, -76.448742 38.365449, -76.448729 38.365503, -76.448718 38.365554, -76.448702 38.365628, -76.448692 38.365674, -76.448682 38.365721, -76.448672 38.365767, -76.448662 38.365813, -76.448652 38.36586, -76.448635 38.365935, -76.448618 38.366011, -76.448602 38.366087, -76.448591 38.366141, -76.448579 38.366196, -76.448568 38.36625, -76.448554 38.366313, -76.44854 38.366375, -76.448526 38.366438, -76.448512 38.366495, -76.448499 38.366553, -76.448485 38.366611, -76.448466 38.36668, -76.448446 38.366748, -76.448425 38.366817, -76.448407 38.366874, -76.448388 38.366931, -76.448368 38.366987, -76.448346 38.367048, -76.448321 38.367107, -76.448296 38.367167, -76.448271 38.367226, -76.448246 38.367284, -76.448219 38.367342, -76.448189 38.367405, -76.448158 38.367467, -76.448125 38.367529, -76.448089 38.367596, -76.448051 38.367663, -76.448013 38.367727, -76.448013 38.367729, -76.447978 38.367789, -76.447942 38.367848, -76.447907 38.367908, -76.447866 38.367972, -76.447825 38.368037, -76.447783 38.368101, -76.447735 38.36817, -76.447686 38.36824, -76.447636 38.368309, -76.447579 38.368382, -76.447522 38.368455, -76.447481 38.368505, -76.44743 38.368564, -76.447396 38.368602, -76.447362 38.368639, -76.447326 38.368676, -76.447291 38.368713, -76.447255 38.368749, -76.447199 38.368806, -76.447141 38.368862, -76.447083 38.368918, -76.447017 38.36898, -76.446949 38.36904, -76.44688 38.3691, -76.446811 38.369159, -76.446742 38.369217, -76.44667 38.369274, -76.446596 38.36933, -76.446521 38.369386, -76.446445 38.369441, -76.446385 38.369484, -76.446324 38.369527, -76.446263 38.369569, -76.446185 38.36962, -76.446106 38.36967, -76.446027 38.369719, -76.445946 38.369768, -76.445864 38.369817, -76.445782 38.369865, -76.445694 38.369914, -76.445605 38.369962, -76.445516 38.370009, -76.44546 38.370039, -76.445405 38.370069, -76.445349 38.370099, -76.445294 38.370129, -76.445238 38.370159, -76.445181 38.370189, -76.445132 38.370215, -76.445081 38.370241, -76.445031 38.370267, -76.444981 38.370293, -76.44493 38.370319, -76.44488 38.370345, -76.444817 38.370377, -76.444755 38.37041, -76.444692 38.370442, -76.444634 38.370472, -76.444577 38.370502, -76.444519 38.370531, -76.444461 38.370561, -76.444404 38.37059, -76.444347 38.37062, -76.444297 38.370646, -76.444247 38.370673, -76.444197 38.370699, -76.444147 38.370725, -76.444097 38.370752, -76.444048 38.370778, -76.443972 38.370818, -76.443896 38.370858, -76.44382 38.370898, -76.443765 38.370925, -76.443711 38.370952, -76.443657 38.37098, -76.443602 38.371007, -76.443548 38.371034, -76.443494 38.371061, -76.44344 38.371089, -76.443386 38.371118, -76.443332 38.371146, -76.443279 38.371174, -76.443225 38.371203, -76.443171 38.371231, -76.443106 38.371266, -76.44304 38.371301, -76.442975 38.371336, -76.442928 38.371361, -76.442881 38.371385, -76.442835 38.371409, -76.442788 38.371434, -76.442741 38.371458, -76.442695 38.371482, -76.442643 38.371509, -76.442591 38.371535, -76.44254 38.371562, -76.442489 38.371588, -76.442436 38.371615, -76.442385 38.371642, -76.442296 38.371688, -76.442208 38.371736, -76.442119 38.371782, -76.442068 38.371809, -76.442017 38.371835, -76.441966 38.371862, -76.441915 38.371888, -76.441864 38.371914, -76.441813 38.371941, -76.441764 38.371967, -76.441714 38.371993, -76.441665 38.372019, -76.441616 38.372045, -76.441567 38.372071, -76.441517 38.372096, -76.441442 38.372134, -76.441365 38.372172, -76.441271 38.37222)"
mdot_sha_aadt,md,2018,181,04000CO00041--1-----,Bowie Shop Rd,2951.0,,,6,24009,2,,annual_average,,,,"LINESTRING (-76.63297 38.596454, -76.632814 38.596416, -76.632722 38.596392, -76.63256 38.59635, -76.632362 38.596306, -76.632208 38.596273, -76.632057 38.596244, -76.631918 38.596222, -76.631732 38.596201, -76.63163 38.596192, -76.631527 38.596185, -76.631422 38.596179, -76.631342 38.596178, -76.631261 38.596178, -76.63118 38.596178, -76.631099 38.596178, -76.631018 38.596179, -76.63058 38.596179, -76.630497 38.59618, -76.630414 38.596183, -76.630331 38.596187, -76.630249 38.596193, -76.630167 38.5962, -76.630084 38.596208, -76.630003 38.596218, -76.629921 38.59623, -76.62984 38.596242, -76.629759 38.596256, -76.629482 38.596299, -76.629361 38.59632, -76.629198 38.596347, -76.629088 38.596365, -76.629007 38.596379, -76.628892 38.596397, -76.628721 38.596424, -76.628479 38.596462, -76.628394 38.596475, -76.628309 38.596486, -76.628222 38.596495, -76.628136 38.596501, -76.628049 38.596505, -76.627952 38.596507, -76.627855 38.596506, -76.627758 38.596502, -76.627662 38.596495, -76.627566 38.596485, -76.627479 38.596474, -76.627394 38.59646, -76.627309 38.596443, -76.627225 38.596424, -76.627142 38.596402, -76.627084 38.596386, -76.627026 38.596369, -76.626969 38.596351, -76.626913 38.596331, -76.626857 38.596311, -76.626553 38.596195, -76.626322 38.596102, -76.626047 38.595994, -76.625816 38.595904, -76.625595 38.595815, -76.625327 38.595709, -76.62515 38.595639, -76.624952 38.595561, -76.624807 38.595507, -76.624727 38.595475, -76.624674 38.595454, -76.624621 38.595433, -76.624567 38.595414, -76.624514 38.595395, -76.624459 38.595376, -76.624404 38.595359, -76.624349 38.595342, -76.624293 38.595327, -76.624237 38.595311, -76.62418 38.595297, -76.624118 38.595283, -76.624055 38.595269, -76.623993 38.595256, -76.62393 38.595244, -76.623866 38.595232, -76.623802 38.595221, -76.623739 38.595211, -76.623675 38.595201, -76.623611 38.595192, -76.623547 38.595184, -76.623288 38.595154, -76.62308 38.59513, -76.622983 38.595119, -76.622887 38.595109, -76.622791 38.5951, -76.622695 38.595091, -76.622598 38.595084, -76.622504 38.595076, -76.62241 38.595072, -76.622316 38.595072, -76.622222 38.595074, -76.622128 38.59508, -76.622044 38.595087, -76.62196 38.595097, -76.621876 38.595111, -76.621794 38.595127, -76.621713 38.595147, -76.621618 38.595175, -76.621524 38.595207, -76.621432 38.595242, -76.621343 38.59528, -76.621256 38.595322, -76.621183 38.595361, -76.621113 38.595402, -76.621045 38.595447, -76.620981 38.595494, -76.620919 38.595543, -76.620879 38.59558, -76.620839 38.595617, -76.620802 38.595656, -76.620536 38.595929, -76.620415 38.596057, -76.620326 38.596151, -76.620102 38.596389, -76.619874 38.596628, -76.619857 38.596644, -76.619806 38.596694, -76.619734 38.596758, -76.619659 38.596818, -76.619579 38.596874, -76.619495 38.596928, -76.619411 38.596975, -76.619324 38.597018, -76.619233 38.597056, -76.61914 38.59709, -76.619044 38.597119, -76.618821 38.597184, -76.618546 38.597257, -76.618271 38.597328, -76.617942 38.597413, -76.617833 38.597444, -76.61774 38.59747, -76.617646 38.597498, -76.617554 38.597526, -76.617462 38.597556, -76.617371 38.597586, -76.617299 38.597613, -76.617229 38.597641, -76.617159 38.59767, -76.61709 38.597701, -76.617022 38.597732, -76.616955 38.597765, -76.616889 38.597799, -76.616824 38.597834, -76.616759 38.59787, -76.616696 38.597907, -76.616612 38.597957, -76.616529 38.598008, -76.616445 38.598059, -76.616362 38.59811, -76.616279 38.598161, -76.616229 38.598191, -76.61618 38.598221, -76.616131 38.598252, -76.616081 38.598282, -76.616031 38.598312, -76.615982 38.598343, -76.615933 38.598373, -76.615883 38.598403, -76.615834 38.598434, -76.615784 38.598464, -76.615734 38.598496, -76.615681 38.598525, -76.615627 38.598553, -76.61557 38.598578, -76.615513 38.598601, -76.615454 38.598622, -76.615394 38.598641, -76.615333 38.598657, -76.615271 38.598671, -76.615208 38.598683, -76.615107 38.598701, -76.614953 38.598723, -76.614766 38.598749, -76.614657 38.598766, -76.614556 38.598779, -76.61437 38.598806, -76.614237 38.59883)"
mdot_sha_aadt,md,2018,221,04000MD00002--1-----,Solomons Island Rd,10141.0,,,3,24009,3,,annual_average,,,,"LINESTRING (-76.604922 38.720442, -76.604617 38.721013, -76.604562 38.721116, -76.604422 38.721377)"
mdot_sha_aadt,md,2018,264,04000MD00231--1-----,Hallowing Point Rd,11831.0,,,3,24009,2,,annual_average,,,,"LINESTRING (-76.669924 38.513027, -76.663742 38.510479, -76.663442 38.510358, -76.663194 38.510268, -76.662933 38.510178, -76.662528 38.510063, -76.662256 38.51, -76.662167 38.509981, -76.662077 38.509963, -76.661987 38.509946, -76.661894 38.509929, -76.661801 38.509914, -76.661707 38.509899, -76.661613 38.509886, -76.661519 38.509874, -76.661424 38.509863, -76.661335 38.509853, -76.661245 38.509845, -76.661155 38.509837, -76.661065 38.50983, -76.660975 38.509825, -76.660885 38.50982, -76.660786 38.509816, -76.660687 38.509813, -76.660588 38.509811, -76.660489 38.50981, -76.66039 38.50981, -76.660291 38.509811, -76.660126 38.509817, -76.659962 38.509825, -76.659797 38.509834, -76.659633 38.509845, -76.659306 38.50987, -76.658979 38.509895, -76.658905 38.5099, -76.658831 38.509904, -76.658757 38.509908, -76.658683 38.509912, -76.658613 38.509914, -76.658543 38.509917, -76.658474 38.509919, -76.658404 38.50992, -76.658366 38.50992, -76.658261 38.509921, -76.658118 38.50992, -76.657975 38.509918, -76.657832 38.509914, -76.657736 38.509911, -76.65764 38.509906, -76.657545 38.5099, -76.657449 38.509892, -76.657354 38.509882, -76.657259 38.509871, -76.657167 38.509859, -76.657148 38.509857, -76.657026 38.509842, -76.656915 38.509825, -76.656806 38.509808, -76.656701 38.509789, -76.656586 38.509769, -76.656428 38.509742, -76.656263 38.509713, -76.656099 38.509681, -76.65569 38.5096, -76.655137 38.509493, -76.654598 38.509387, -76.654172 38.509304, -76.653763 38.509224, -76.653248 38.509125, -76.652833 38.509044, -76.652435 38.508966, -76.651875 38.508858, -76.651335 38.508753, -76.650787 38.508646, -76.650252 38.508543, -76.649953 38.508486, -76.649846 38.508466, -76.649437 38.508389, -76.649023 38.508309, -76.648486 38.508206, -76.647953 38.508103, -76.647771 38.508068, -76.647391 38.507993, -76.646954 38.507906, -76.646523 38.507822, -76.646505 38.507818, -76.645931 38.507709, -76.645402 38.507608, -76.64534 38.507596, -76.645155 38.507561, -76.644655 38.507471, -76.64441 38.507429, -76.644269 38.507405, -76.643922 38.507351, -76.643713 38.507322, -76.643225 38.507259, -76.642626 38.507199, -76.642275 38.50717, -76.642043 38.507149, -76.641557 38.507116, -76.641223 38.507095, -76.64098 38.507079, -76.640299 38.507031, -76.639591 38.506983, -76.638891 38.506935, -76.638412 38.506903, -76.637799 38.506862, -76.63773 38.506857, -76.637678 38.506854, -76.637582 38.506847, -76.637494 38.506841, -76.637424 38.506836, -76.637336 38.506831, -76.636873 38.506804, -76.636599 38.506798, -76.636482 38.506798, -76.636365 38.5068, -76.636248 38.506803, -76.636132 38.506809, -76.636033 38.506815, -76.635934 38.506822, -76.635835 38.506832, -76.635737 38.506843, -76.635639 38.506856, -76.635542 38.50687, -76.635442 38.506887, -76.635342 38.506906, -76.635243 38.506926, -76.635144 38.506948, -76.635047 38.506971, -76.63495 38.506996, -76.634853 38.507023, -76.634757 38.507051, -76.634494 38.507135, -76.633954 38.507317, -76.633313 38.507534, -76.632616 38.507777, -76.632483 38.507823, -76.631867 38.508033, -76.631351 38.508211, -76.630711 38.50843, -76.630103 38.508639, -76.629687 38.50878, -76.629355 38.508893, -76.629168 38.508957, -76.629055 38.508996, -76.628807 38.509077, -76.628568 38.509161, -76.628369 38.509229, -76.628147 38.509304, -76.62793 38.509378, -76.627691 38.509459, -76.627465 38.509538, -76.627239 38.509615, -76.627057 38.509675, -76.626874 38.509737, -76.626613 38.509827, -76.626326 38.509926, -76.626087 38.510007, -76.625842 38.51009, -76.625561 38.510187, -76.62531 38.510271, -76.625022 38.510369, -76.624876 38.510419, -76.624783 38.510451, -76.624539 38.510533, -76.624337 38.510602, -76.624149 38.510667, -76.623976 38.510729, -76.623824 38.510788, -76.62373 38.510828, -76.623581 38.510893, -76.623468 38.510945, -76.623363 38.510997, -76.62325 38.511058, -76.623145 38.511118, -76.623047 38.511175, -76.622966 38.511227, -76.622866 38.511289, -76.622781 38.511347, -76.622644 38.511444, -76.622553 38.511515, -76.622461 38.511588, -76.622389 38.511651, -76.622315 38.511714, -76.622295 38.511735)"
mdot_sha_aadt,md,2018,284,10000MD00144FB1-----,Old National Pike,9580.0,,,5,24021,2,,annual_average,,,,"LINESTRING (-77.26315 39.383514, -77.263144 39.383515, -77.263113 39.38352, -77.263084 39.383528, -77.263062 39.383536, -77.263042 39.383546, -77.263023 39.383557, -77.263005 39.38357, -77.26299 39.383584, -77.262976 39.383599, -77.262964 39.383615, -77.262954 39.383632, -77.262948 39.383648, -77.262943 39.383665, -77.26262 39.385022, -77.262596 39.385102, -77.262578 39.385155, -77.262565 39.385187, -77.262546 39.385223, -77.262529 39.385251, -77.262508 39.385283, -77.262483 39.385311, -77.262449 39.385344, -77.262404 39.385381, -77.262363 39.385411, -77.262302 39.385451, -77.262254 39.385475, -77.262198 39.385501, -77.262152 39.385515, -77.262104 39.385526, -77.262054 39.385535, -77.261999 39.385542, -77.261891 39.385547, -77.261835 39.385545, -77.261773 39.385542, -77.261705 39.385536, -77.261482 39.385489, -77.261247 39.385453, -77.260626 39.385346, -77.260556 39.385336, -77.260481 39.385324, -77.260356 39.385307, -77.260027 39.385272, -77.25985 39.38525, -77.259363 39.38517, -77.259288 39.385152, -77.259229 39.385139)"
mdot_sha_aadt,md,2018,300,10000MD00194A-1-----,Main St,2355.0,,,6,24021,2,,annual_average,,,,"LINESTRING (-77.314448 39.538184, -77.314438 39.538232, -77.314377 39.538545, -77.314316 39.538886, -77.314247 39.539329, -77.314223 39.539468, -77.314213 39.539532, -77.314202 39.53959, -77.314187 39.539649, -77.314177 39.539685, -77.314163 39.539724, -77.314145 39.539763, -77.314121 39.539805, -77.314097 39.539844, -77.31404 39.539916)"
mdot_sha_aadt,md,2018,323,04000MD00004--1-----,Southern Md Blvd,31831.0,,,3,24009,4,,annual_average,,,,"LINESTRING (-76.647398 38.703957, -76.647535 38.704209, -76.647685 38.704491, -76.647856 38.704809, -76.648061 38.705191, -76.648226 38.70549, -76.648394 38.705798, -76.64867 38.706295, -76.648801 38.706528, -76.648962 38.70681, -76.649016 38.706894, -76.64926 38.707248, -76.649416 38.707461, -76.649627 38.707716, -76.649725 38.707822, -76.649975 38.708077, -76.650149 38.708242, -76.650334 38.708403, -76.650528 38.708563, -76.65075 38.708736, -76.651054 38.708961, -76.651406 38.709213, -76.651918 38.70958, -76.6535 38.71071, -76.654471 38.711409, -76.655113 38.711878, -76.655508 38.712178, -76.656032 38.712586, -76.656922 38.713315, -76.657213 38.71356, -76.657708 38.713999, -76.657958 38.714235, -76.658007 38.714285, -76.658056 38.714335, -76.658306 38.714594, -76.65846 38.714768, -76.658692 38.715049, -76.658911 38.715336, -76.659116 38.715632, -76.659241 38.715832, -76.659306 38.715935, -76.659447 38.716187, -76.659591 38.716467, -76.659779 38.716876, -76.659872 38.717103, -76.660109 38.717728, -76.660264 38.7182, -76.660337 38.718461, -76.6604 38.718715, -76.660513 38.719249, -76.660564 38.719587, -76.660598 38.719953, -76.660609 38.720192, -76.660609 38.720373, -76.660604 38.720655, -76.660548 38.721573, -76.660529 38.721781, -76.660506 38.722044, -76.660447 38.722595, -76.660349 38.723311, -76.660346 38.723334, -76.660286 38.723721, -76.660267 38.723816, -76.660179 38.724273, -76.660109 38.724665, -76.659929 38.725544, -76.659879 38.725761, -76.659856 38.725863, -76.659853 38.725878, -76.659828 38.725985, -76.659818 38.726035, -76.65981 38.726071, -76.659789 38.726182, -76.659687 38.726677, -76.659537 38.727546, -76.659172 38.729878, -76.659123 38.730195, -76.658682 38.732992, -76.658637 38.73343, -76.658611 38.733782, -76.658602 38.734114, -76.658606 38.734533, -76.658633 38.735018, -76.658677 38.735399, -76.658741 38.735839, -76.658781 38.736055, -76.6589 38.736554, -76.658959 38.736758, -76.659049 38.737059, -76.659409 38.738213, -76.660102 38.740388, -76.660456 38.741518, -76.66047 38.741562, -76.660488 38.741617, -76.660767 38.742484, -76.66122 38.74393, -76.661347 38.744327, -76.661384 38.744446, -76.661489 38.74477, -76.661596 38.745099, -76.661737 38.745532, -76.661881 38.746004, -76.661906 38.746085, -76.661985 38.746336, -76.662041 38.746513, -76.662108 38.746749, -76.662161 38.746955, -76.662182 38.747054, -76.6622 38.747153, -76.662217 38.747253, -76.662231 38.747352, -76.662242 38.747452, -76.662252 38.747552, -76.662258 38.747652, -76.662262 38.747752, -76.662264 38.747841, -76.662263 38.74793, -76.662261 38.748019, -76.662256 38.748108, -76.662249 38.748196, -76.662241 38.748285, -76.66223 38.748374, -76.662217 38.748462, -76.662203 38.74855, -76.662188 38.748637, -76.662169 38.748719, -76.66215 38.7488, -76.662129 38.748881, -76.662106 38.748961, -76.662082 38.749041, -76.662056 38.749121, -76.662028 38.7492, -76.661998 38.749279, -76.661966 38.749357, -76.661935 38.749434, -76.661902 38.749514, -76.661863 38.749593, -76.661827 38.74967, -76.661785 38.749749, -76.661744 38.749817, -76.661705 38.749886, -76.661665 38.749955, -76.661624 38.750023, -76.661581 38.750091, -76.661537 38.750158, -76.661514 38.750192, -76.661454 38.750282, -76.661401 38.75036, -76.661201 38.750638, -76.661089 38.750794, -76.660998 38.750922, -76.660847 38.751133, -76.660581 38.751504, -76.660368 38.751806, -76.66023 38.752001, -76.660079 38.752213, -76.659937 38.752412, -76.65981 38.752588, -76.659674 38.752783, -76.659536 38.752971, -76.65939 38.753175, -76.659246 38.753376, -76.659112 38.753562, -76.658971 38.753758, -76.658829 38.753957, -76.658677 38.754174, -76.65854 38.754364, -76.658424 38.754536, -76.65834 38.754663, -76.658212 38.754863, -76.65804 38.755154, -76.657912 38.755394, -76.657879 38.755455, -76.657771 38.755676, -76.657727 38.755783, -76.657683 38.75589, -76.65764 38.755997, -76.657598 38.756104, -76.657574 38.756169, -76.65755 38.756233, -76.657527 38.756298, -76.657506 38.756363, -76.657491 38.756407, -76.657478 38.75645, -76.657464 38.756494, -76.657451 38.756537, -76.657418 38.756647, -76.657388 38.756758, -76.657359 38.756868, -76.657333 38.756979, -76.657242 38.757341, -76.657214 38.757446, -76.657167 38.757648, -76.65689 38.758782, -76.656837 38.759023, -76.656789 38.759322, -76.656753 38.759715, -76.656744 38.759929, -76.656743 38.76019, -76.656754 38.760424, -76.656827 38.761034, -76.656852 38.761204, -76.656926 38.761907, -76.657016 38.762734, -76.657106 38.763582, -76.657121 38.763888)"
mdot_sha_aadt,md,2018,376,04000MD00402--1-----,Dares Beach Rd,7931.0,,,5,24009,2,,annual_average,,,,"LINESTRING (-76.58993 38.546771, -76.589762 38.546854, -76.589633 38.5469, -76.589125 38.547057, -76.588597 38.547235, -76.588224 38.54738, -76.587977 38.547485, -76.587785 38.547571, -76.587493 38.547706, -76.587229 38.547838, -76.587011 38.547954, -76.586805 38.548075, -76.586536 38.548246, -76.586383 38.548349, -76.586085 38.548547, -76.586045 38.548565, -76.586006 38.548577, -76.585965 38.548586, -76.585891 38.548595, -76.585851 38.548597, -76.585812 38.548606, -76.585776 38.54862, -76.585744 38.54864)"
mdot_sha_aadt,md,2018,385,04000CO00010--1-----,Huntingtown Rd,6535.0,,,6,24009,2,,annual_average,,,,"LINESTRING (-76.622059 38.618668, -76.622224 38.618699, -76.622396 38.618734, -76.622463 38.618747, -76.622529 38.618762, -76.622595 38.618777, -76.622661 38.618793, -76.622726 38.618811, -76.62279 38.618829, -76.622885 38.618858, -76.622978 38.618889, -76.623012 38.618901, -76.623071 38.618922, -76.623162 38.618956, -76.623178 38.618962, -76.623194 38.618968, -76.62321 38.618974, -76.623225 38.61898, -76.623488 38.619084, -76.623683 38.619165, -76.623768 38.619199, -76.623875 38.619241, -76.624072 38.619321, -76.624317 38.619417, -76.624494 38.619493, -76.624602 38.619539, -76.624709 38.619588, -76.624814 38.619638, -76.624919 38.61969, -76.624975 38.619719, -76.625031 38.61975, -76.625085 38.619781, -76.625139 38.619813, -76.625191 38.619847, -76.625243 38.619881, -76.625293 38.619917, -76.625342 38.619953, -76.625406 38.62, -76.625468 38.620049, -76.62553 38.620098, -76.625591 38.620148, -76.625651 38.620199, -76.625693 38.620236, -76.626075 38.620565, -76.626142 38.620621, -76.626212 38.620675, -76.626284 38.620727, -76.62636 38.620776, -76.626438 38.620823, -76.626486 38.62085, -76.626535 38.620876, -76.626584 38.620903, -76.626633 38.620928, -76.626683 38.620953, -76.626733 38.620978, -76.626784 38.621002, -76.626835 38.621025, -76.626886 38.621049, -76.626938 38.621071, -76.627087 38.621139, -76.627191 38.621185, -76.627402 38.621278, -76.627618 38.621375, -76.627868 38.621488, -76.628015 38.621558, -76.628098 38.621598, -76.62818 38.621638, -76.628264 38.62168, -76.628384 38.621737, -76.62852 38.621802, -76.628716 38.621899, -76.628956 38.622021, -76.629207 38.62215, -76.629555 38.622335, -76.629807 38.622471, -76.629861 38.622502, -76.629914 38.622534, -76.629968 38.622566, -76.63002 38.622599, -76.630072 38.622632, -76.630123 38.622666, -76.630174 38.6227, -76.630224 38.622735, -76.630273 38.62277, -76.630322 38.622806, -76.630544 38.622976, -76.63073 38.623117, -76.630751 38.623133, -76.63079 38.623163, -76.630926 38.623269, -76.631111 38.623417, -76.631292 38.623565, -76.631425 38.623676, -76.631565 38.623795, -76.631619 38.623842, -76.631673 38.623888, -76.631728 38.623933, -76.631783 38.623979, -76.631839 38.624024, -76.631886 38.624062, -76.631989 38.624145, -76.632171 38.624284, -76.632365 38.624431, -76.632479 38.624517, -76.632578 38.624594, -76.632679 38.62467, -76.632755 38.624728, -76.63281 38.624766, -76.632862 38.624805, -76.632909 38.624839, -76.632971 38.624887, -76.633077 38.624959, -76.633196 38.625042, -76.63339 38.625178, -76.633457 38.625225, -76.633549 38.625291)"
mdot_sha_aadt,md,2018,405,04000MD00497--1-----,Cove Point Rd,7171.0,,,5,24009,2,,annual_average,,,,"LINESTRING (-76.436256 38.388675, -76.436199 38.388675, -76.436161 38.388675, -76.436142 38.388675, -76.436066 38.388676, -76.434021 38.388707, -76.432347 38.388731, -76.43207 38.388716, -76.431791 38.388683, -76.431451 38.388632, -76.431204 38.388584, -76.430967 38.388514, -76.430812 38.38845, -76.43029 38.3882, -76.42962 38.387872, -76.426801 38.386395, -76.426219 38.386125, -76.425948 38.386026, -76.425572 38.385909, -76.42357 38.385347, -76.421182 38.384676, -76.420329 38.384445, -76.420234 38.384422, -76.420159 38.384403, -76.420083 38.384385, -76.420027 38.384372, -76.419971 38.384361, -76.419914 38.38435, -76.419838 38.384335, -76.419763 38.384321, -76.419694 38.38431, -76.419625 38.3843, -76.419555 38.38429, -76.419487 38.384281, -76.419419 38.384272, -76.419351 38.384264, -76.419284 38.384257, -76.419218 38.384252, -76.419151 38.384246, -76.419075 38.38424, -76.418998 38.384234, -76.418921 38.384228, -76.418847 38.384223, -76.418773 38.384218, -76.418699 38.384212, -76.418618 38.384207, -76.418536 38.384201, -76.418455 38.384196, -76.41838 38.384192, -76.418305 38.384188, -76.41823 38.384184, -76.418145 38.384178, -76.418059 38.384172, -76.417974 38.384167, -76.417906 38.384163, -76.417205 38.384127, -76.417141 38.384125, -76.417077 38.384122, -76.417013 38.38412, -76.416947 38.384117, -76.416881 38.384115, -76.416815 38.384112, -76.416749 38.384109, -76.416683 38.384107, -76.416618 38.384106, -76.416506 38.384104, -76.416395 38.384103, -76.416284 38.384103, -76.416218 38.384102, -76.416152 38.384102, -76.416086 38.384102, -76.41602 38.384102, -76.415954 38.384103, -76.415888 38.384103, -76.415775 38.384105, -76.415663 38.384108, -76.41555 38.384111, -76.415475 38.384113, -76.415401 38.384115, -76.415326 38.384117, -76.415252 38.38412, -76.415177 38.384123, -76.415076 38.384126, -76.414953 38.384131, -76.414878 38.384134, -76.414803 38.384137, -76.414728 38.384141, -76.414653 38.384144, -76.414591 38.384146, -76.414528 38.384149, -76.414466 38.384152, -76.414404 38.384155, -76.414343 38.384157, -76.414281 38.38416, -76.41422 38.384162, -76.41416 38.384164, -76.4141 38.384166, -76.414039 38.384168, -76.413979 38.384169, -76.413919 38.384171, -76.413825 38.384172, -76.413731 38.384173, -76.413637 38.384173, -76.413529 38.38417, -76.413422 38.384166, -76.413421 38.384166, -76.41327 38.384157, -76.413184 38.384151, -76.413099 38.384143, -76.413 38.384135, -76.412888 38.384124, -76.412776 38.384113, -76.412666 38.384102, -76.412558 38.384091, -76.412451 38.384081, -76.412326 38.384068, -76.412256 38.38406, -76.412186 38.384053, -76.412116 38.384045, -76.412045 38.384038, -76.411975 38.38403, -76.411886 38.384021, -76.411796 38.384011, -76.411707 38.384001, -76.411617 38.383991, -76.411528 38.383981, -76.411438 38.383971, -76.411355 38.383962, -76.411271 38.383953, -76.411188 38.383944, -76.411104 38.383934, -76.411021 38.383925, -76.410937 38.383916, -76.410857 38.383907, -76.410777 38.383899, -76.410696 38.38389, -76.410616 38.383882, -76.410536 38.383873, -76.410456 38.383865, -76.410373 38.383856, -76.410289 38.383848, -76.410206 38.383839, -76.410123 38.383831, -76.410039 38.383822, -76.409956 38.383813, -76.409843 38.383802, -76.409729 38.38379, -76.409615 38.383778, -76.409502 38.383766, -76.409389 38.383754, -76.409275 38.383742, -76.409185 38.383732, -76.409095 38.383722, -76.409005 38.383713, -76.408915 38.383703, -76.408825 38.383693, -76.408735 38.383683, -76.408664 38.383675, -76.408594 38.383668, -76.408524 38.38366, -76.408453 38.383653, -76.408382 38.383645, -76.408312 38.383638, -76.408245 38.383631, -76.408178 38.383624, -76.40811 38.383617, -76.408043 38.38361, -76.407976 38.383603, -76.407908 38.383595, -76.407833 38.383587, -76.407756 38.383579, -76.40768 38.38357, -76.407593 38.383561, -76.407505 38.383551, -76.407418 38.38354, -76.407315 38.383525, -76.407212 38.383509, -76.407109 38.383492, -76.407048 38.38348, -76.406986 38.383469, -76.406925 38.383456, -76.406843 38.383437, -76.406761 38.383415, -76.40668 38.383393, -76.40661 38.383372, -76.406542 38.383351, -76.406474 38.383328, -76.406362 38.383286, -76.406283 38.383254, -76.406213 38.383225, -76.40615 38.383197, -76.406087 38.383168, -76.406028 38.38314, -76.405974 38.383112, -76.40592 38.383083, -76.405865 38.383053, -76.405809 38.383021, -76.405754 38.382989, -76.405699 38.382956, -76.405647 38.382922, -76.405595 38.382887, -76.405537 38.382848, -76.405473 38.382803, -76.40541 38.382757, -76.405349 38.382712, -76.405289 38.382668, -76.40523 38.382623, -76.40516 38.38257, -76.405079 38.382509, -76.404998 38.382447, -76.404911 38.38238, -76.404864 38.382343, -76.404816 38.382307, -76.404769 38.38227, -76.404722 38.382234, -76.404675 38.382197, -76.404617 38.382152, -76.404559 38.382107, -76.404501 38.382063, -76.404443 38.382018, -76.404385 38.381973, -76.404327 38.381928, -76.404245 38.381865, -76.404204 38.381833, -76.404122 38.38177, -76.404029 38.381698, -76.403975 38.381657, -76.403922 38.381616, -76.40387 38.381575, -76.403816 38.381535, -76.403763 38.381494, -76.403703 38.381447, -76.403642 38.3814, -76.403581 38.381354, -76.40352 38.381307, -76.403459 38.38126, -76.403399 38.381214, -76.403349 38.381175, -76.403299 38.381137, -76.403249 38.381098, -76.403199 38.38106, -76.403149 38.381021, -76.403099 38.380983, -76.403049 38.380944, -76.402999 38.380906, -76.402948 38.380867, -76.402898 38.380829, -76.402848 38.380791, -76.402798 38.380752, -76.402735 38.380704, -76.402672 38.380656, -76.402609 38.380608, -76.402546 38.38056, -76.402483 38.380512, -76.40242 38.380464, -76.40234 38.380402, -76.402259 38.38034, -76.402178 38.380278, -76.402133 38.380243, -76.402087 38.380208, -76.402042 38.380174, -76.401996 38.380139, -76.401951 38.380104, -76.401905 38.380069, -76.401797 38.379986, -76.401688 38.379902, -76.40158 38.379819, -76.401471 38.379736, -76.401363 38.379652, -76.401255 38.379569, -76.401206 38.37953, -76.401157 38.379492, -76.401109 38.379454, -76.40106 38.379416, -76.401011 38.379377, -76.400962 38.379339, -76.400892 38.379286, -76.40088 38.379278, -76.400821 38.379233, -76.400751 38.37918, -76.4007 38.379141, -76.400649 38.379101, -76.400577 38.379045, -76.40053 38.37901, -76.400463 38.378959, -76.400396 38.378908, -76.400339 38.378865, -76.400282 38.378822, -76.400224 38.378779, -76.400166 38.378737, -76.400107 38.378695, -76.400047 38.378654, -76.399988 38.378615, -76.399929 38.378577, -76.399873 38.378543, -76.399817 38.37851, -76.39976 38.378477, -76.399691 38.378438, -76.399622 38.3784, -76.399565 38.37837, -76.399508 38.378341, -76.399449 38.378312, -76.399384 38.378281, -76.399319 38.378251, -76.399252 38.378221, -76.399194 38.378196, -76.399135 38.378171, -76.399076 38.378147, -76.399014 38.378122, -76.39895 38.378097, -76.398887 38.378073, -76.398833 38.378053, -76.398779 38.378033, -76.398724 38.378014, -76.398669 38.377995, -76.398613 38.377978, -76.398558 38.37796, -76.398502 38.377944, -76.398446 38.377928, -76.39839 38.377913, -76.398324 38.377894, -76.398258 38.377876, -76.398191 38.377858, -76.398117 38.377839, -76.398043 38.377819, -76.397969 38.377799, -76.397888 38.377776, -76.397806 38.377754, -76.397687 38.377721, -76.397627 38.377705, -76.397529 38.377679, -76.397431 38.377653, -76.397374 38.377638, -76.397317 38.377622, -76.39726 38.377606, -76.397203 38.37759, -76.397146 38.377575, -76.397089 38.377559, -76.397031 38.377543, -76.396973 38.377527, -76.396915 38.377512, -76.396857 38.377496, -76.396799 38.377481, -76.396741 38.377466, -76.396678 38.377449, -76.396614 38.377432, -76.396551 38.377416, -76.396495 38.377404, -76.396413 38.377387, -76.396347 38.377374, -76.396271 38.377359, -76.396195 38.377346, -76.396111 38.377333, -76.39602 38.377322, -76.395949 38.377314, -76.395883 38.377308, -76.395811 38.377304, -76.39574 38.3773, -76.39568 38.377298, -76.39562 38.377297, -76.39556 38.377296, -76.395491 38.377297, -76.395422 38.3773, -76.395353 38.377303, -76.395282 38.377308, -76.395211 38.377313, -76.395141 38.37732, -76.395062 38.377329, -76.394985 38.377339, -76.394907 38.377351, -76.394829 38.377364, -76.394751 38.377379, -76.394673 38.377394, -76.394585 38.377412, -76.394497 38.377431, -76.39441 38.37745, -76.39431 38.377472, -76.39421 38.377495, -76.394111 38.377518, -76.394032 38.377535, -76.393954 38.377553, -76.393876 38.377571, -76.393778 38.377594, -76.39368 38.377617, -76.393582 38.377641, -76.393505 38.377661, -76.393427 38.377681, -76.39335 38.377701, -76.393282 38.377719, -76.393214 38.377738, -76.393148 38.377758, -76.393092 38.377776, -76.393037 38.377795, -76.392984 38.377815, -76.392925 38.377838, -76.392867 38.377861, -76.39281 38.377885, -76.392742 38.377917, -76.392675 38.37795, -76.39264 38.377968, -76.392609 38.377985, -76.392559 38.378013, -76.392509 38.378041, -76.392459 38.378071, -76.392401 38.37811, -76.392344 38.37815, -76.392288 38.378191, -76.392245 38.378225, -76.392203 38.37826, -76.392162 38.378295, -76.392112 38.378339, -76.392063 38.378384, -76.392016 38.37843, -76.391963 38.378486, -76.391913 38.378544, -76.391865 38.378603, -76.391826 38.378655, -76.391789 38.378706)"
mdot_sha_aadt,md,2018,416,04000CO00939--1-----,Holbrook La,231.0,,,7,24009,2,,annual_average,,,,"LINESTRING (-76.55699 38.627312, -76.556939 38.627527, -76.556914 38.627676, -76.556892 38.627825, -76.556887 38.62788, -76.556884 38.627989, -76.55689 38.628098, -76.556904 38.628207, -76.556914 38.628261, -76.556939 38.628363, -76.557006 38.628564, -76.557086 38.628785, -76.557238 38.629163, -76.557341 38.629412, -76.557393 38.629553, -76.55742 38.629649, -76.55744 38.629746, -76.557471 38.629924, -76.557497 38.630102, -76.557516 38.630281, -76.557519 38.630343, -76.557517 38.630467, -76.557512 38.630529, -76.557497 38.630653, -76.557412 38.631085, -76.5574 38.63113, -76.557385 38.631223, -76.557381 38.631316, -76.557382 38.631363, -76.557393 38.631455, -76.557411 38.631532, -76.557429 38.631592, -76.557446 38.631637, -76.557561 38.631829, -76.557728 38.632119, -76.557953 38.632528, -76.557935 38.632536, -76.557918 38.632546, -76.557902 38.632557, -76.557888 38.632569, -76.557875 38.632583, -76.557864 38.632597, -76.557856 38.632612, -76.557846 38.632628, -76.55784 38.632644, -76.557835 38.632661, -76.557833 38.632678, -76.557833 38.632695, -76.557836 38.632713, -76.557841 38.632729, -76.557848 38.632746, -76.557858 38.632761, -76.557869 38.632776, -76.557883 38.632789, -76.557898 38.632802, -76.557915 38.632813, -76.557934 38.632822, -76.557961 38.632832, -76.557974 38.632836, -76.557995 38.63284, -76.558017 38.632843, -76.55804 38.632844, -76.558062 38.632843, -76.558085 38.63284, -76.558107 38.632835, -76.558128 38.632829, -76.558148 38.63282)"
mdot_sha_aadt,md,2018,426,04000CO00249--1-----,Jewell Rd,2342.0,,,5,24009,2,,annual_average,,,,"LINESTRING (-76.639523 38.748559, -76.639457 38.748597, -76.639405 38.748631, -76.63935 38.748671, -76.639296 38.748711, -76.639082 38.748882, -76.63901 38.748936, -76.63894 38.748996, -76.638873 38.749052, -76.638798 38.749112, -76.638614 38.749274, -76.638564 38.749319, -76.638396 38.749473, -76.638244 38.749611, -76.63807 38.74976, -76.637983 38.749832, -76.637878 38.74991, -76.637833 38.749941, -76.637787 38.749971, -76.637742 38.750002, -76.637695 38.750028, -76.637647 38.750055, -76.637596 38.750083, -76.637458 38.750152, -76.637289 38.750236, -76.637104 38.750325, -76.637033 38.750363, -76.636963 38.750401, -76.636893 38.750439, -76.636824 38.750479, -76.636812 38.750485, -76.636733 38.750531, -76.636554 38.750639, -76.636414 38.75072, -76.636349 38.750758, -76.636129 38.75088, -76.635781 38.751061, -76.635394 38.751247, -76.635372 38.751256, -76.635122 38.751367, -76.635081 38.751384, -76.635039 38.7514, -76.634997 38.751414, -76.634919 38.751437, -76.63491 38.751439, -76.634865 38.751449, -76.63482 38.751458, -76.634775 38.751465, -76.634722 38.751468, -76.634668 38.75147, -76.634615 38.751469, -76.634562 38.751467, -76.634509 38.751462, -76.634457 38.751456, -76.634342 38.75144, -76.634058 38.751393, -76.633981 38.751378, -76.633786 38.751341, -76.633526 38.751291, -76.633316 38.751248, -76.633136 38.751208, -76.632957 38.751166, -76.63295 38.751164, -76.632686 38.751097, -76.632547 38.751059, -76.632324 38.750992, -76.632048 38.750903, -76.631854 38.750842, -76.631686 38.750789, -76.631619 38.750769, -76.631551 38.75075, -76.631482 38.750734, -76.631413 38.750719, -76.631394 38.750715, -76.631374 38.750711, -76.631355 38.750708, -76.631335 38.750704, -76.63131 38.7507, -76.631285 38.750695, -76.63126 38.750691, -76.631234 38.750688, -76.631184 38.750681, -76.631134 38.750674, -76.631084 38.750668, -76.631034 38.750663, -76.630834 38.750647, -76.630451 38.750619, -76.6301 38.750591, -76.629998 38.750584, -76.629887 38.750576, -76.629782 38.750568, -76.62959 38.750556, -76.629408 38.750545, -76.629215 38.750534, -76.628955 38.750519, -76.628895 38.750515, -76.628223 38.750477, -76.628 38.750466, -76.627828 38.750458, -76.627671 38.75045, -76.627333 38.750437, -76.626941 38.750422, -76.626679 38.750415, -76.6266 38.750414, -76.626519 38.750414, -76.62644 38.750415, -76.626359 38.750418, -76.62628 38.750422, -76.6262 38.750428, -76.626109 38.750435, -76.626019 38.750444, -76.625929 38.750456, -76.62584 38.750469, -76.625524 38.75052, -76.62519 38.750577, -76.624934 38.750622, -76.624637 38.750679, -76.624618 38.750683, -76.624328 38.750759, -76.62406 38.750821, -76.623646 38.750904, -76.623097 38.751028)"
mdot_sha_aadt,md,2018,461,04000MD00765R-1-----,Solomons Island Rd S,7214.0,,,7,24009,2,,annual_average,,,,"LINESTRING (-76.465844 38.333976, -76.46586 38.334148, -76.465877 38.334318, -76.465903 38.334505, -76.465943 38.334715, -76.466005 38.335053, -76.466038 38.335233, -76.466079 38.335426, -76.466119 38.335591, -76.466212 38.335924, -76.466315 38.336349, -76.466316 38.336352, -76.466331 38.336399, -76.466346 38.33645, -76.46636 38.3365, -76.466374 38.336551, -76.466387 38.336602, -76.466398 38.336653, -76.46641 38.336704, -76.46642 38.336755, -76.466429 38.336806, -76.466438 38.336858, -76.466449 38.336911, -76.466458 38.336964, -76.46647 38.33704, -76.466481 38.337124, -76.466486 38.337177, -76.46649 38.337231, -76.466493 38.337285, -76.466496 38.337338, -76.466497 38.337392, -76.466498 38.337442, -76.466498 38.337492, -76.466496 38.337542, -76.466495 38.337593, -76.466492 38.337643, -76.466488 38.337693, -76.466484 38.337743, -76.466478 38.337793, -76.466472 38.337843, -76.466465 38.337893, -76.466457 38.337938, -76.466448 38.337984, -76.466439 38.338029, -76.466429 38.338075, -76.466418 38.33812, -76.466407 38.338165, -76.466395 38.33821, -76.466382 38.338255, -76.466368 38.3383, -76.466354 38.338345, -76.466337 38.338399, -76.466319 38.338454, -76.466299 38.338508, -76.466278 38.338562, -76.466256 38.338615, -76.466233 38.338668, -76.466208 38.338721, -76.466182 38.338773, -76.466154 38.338825, -76.466126 38.338876, -76.466086 38.338949, -76.466046 38.339021, -76.466003 38.339093, -76.465959 38.339164, -76.465913 38.339234, -76.465675 38.339627, -76.465399 38.340058, -76.465231 38.340316, -76.465128 38.340465, -76.465093 38.340514, -76.465054 38.340561, -76.465012 38.340607, -76.464899 38.340721, -76.464748 38.34088, -76.464696 38.340933, -76.464647 38.340987, -76.464601 38.341043, -76.464557 38.3411, -76.464516 38.341158, -76.464475 38.341222, -76.464437 38.341287, -76.464404 38.341353, -76.464374 38.34142, -76.464349 38.341489, -76.464319 38.34162, -76.464297 38.341767, -76.464294 38.341789, -76.464289 38.341822, -76.464265 38.341964, -76.464244 38.342034, -76.464219 38.342103, -76.464191 38.342171, -76.46416 38.342238, -76.464125 38.342304, -76.463913 38.342643, -76.46365 38.34305, -76.463404 38.343427, -76.463108 38.343857, -76.462818 38.344261, -76.462716 38.344402, -76.462565 38.34461, -76.462258 38.345023, -76.461956 38.345438, -76.461748 38.345716, -76.461719 38.345755, -76.46169 38.345794, -76.46166 38.345833, -76.461627 38.345871, -76.461592 38.345908, -76.461554 38.345944, -76.461492 38.345997, -76.461424 38.346046, -76.461354 38.346093, -76.461273 38.346139, -76.461189 38.346182, -76.461103 38.346222, -76.461041 38.34625, -76.460978 38.346276, -76.460916 38.346303, -76.460861 38.34633, -76.460808 38.346359, -76.460756 38.346389, -76.460708 38.346419, -76.460661 38.34645, -76.460621 38.346485, -76.460577 38.346536, -76.460545 38.346586, -76.460541 38.346592, -76.460518 38.346638, -76.460499 38.346686, -76.460484 38.346745, -76.460479 38.346788, -76.460478 38.346788, -76.460476 38.346804, -76.460476 38.34685, -76.46048 38.346895, -76.460484 38.34694, -76.460489 38.347002, -76.460493 38.347063, -76.460494 38.347124, -76.460492 38.347171, -76.460487 38.347219, -76.460479 38.347266, -76.460462 38.347328, -76.460439 38.34739, -76.460412 38.347447, -76.460381 38.347503, -76.460348 38.347558, -76.46032 38.347601, -76.460291 38.347644, -76.46026 38.347686, -76.460229 38.347728, -76.460198 38.34777, -76.460166 38.347812, -76.460127 38.347865, -76.460088 38.347918, -76.460049 38.347971, -76.460013 38.348021, -76.459978 38.34807, -76.459943 38.34812, -76.459907 38.34817, -76.459872 38.34822, -76.459836 38.348269, -76.459807 38.348308, -76.459779 38.348347, -76.45975 38.348385, -76.459721 38.348424, -76.459693 38.348463, -76.459664 38.348502, -76.459618 38.348565, -76.459571 38.348629, -76.459523 38.348691, -76.45949 38.348733, -76.459457 38.348775, -76.459421 38.348815, -76.459373 38.348866, -76.459323 38.348915, -76.459284 38.348954, -76.459237 38.348998, -76.459194 38.349035, -76.459161 38.349069, -76.459122 38.349114, -76.459083 38.349158, -76.45903 38.349219, -76.458997 38.349258, -76.458963 38.349296, -76.45893 38.349335, -76.458896 38.349373, -76.458862 38.349412, -76.45882 38.34946, -76.458777 38.349509, -76.458734 38.349557, -76.458691 38.349605, -76.458648 38.349654, -76.458606 38.349703, -76.458571 38.349744, -76.458537 38.349785, -76.458502 38.349826, -76.458468 38.349868, -76.458434 38.349909, -76.458401 38.349951, -76.458365 38.349996, -76.458329 38.350042, -76.458293 38.350087, -76.458258 38.350133, -76.458223 38.350179, -76.458187 38.350224, -76.458149 38.350273, -76.458111 38.350321, -76.458073 38.35037, -76.458035 38.350418, -76.457998 38.350467, -76.45796 38.350515)"
